001:01:000,1,,Meta Event,Channel Prefix,16,FF 20 0F,01:00:00:00,0
001:01:000,1,,Meta Event,Track Name,C446_M468__120_S12_,FF 03 43 34 34 36 5F 4D 34 36 38 5F 1A 1A 1A 1A 1A 1A 1A 1A 1A 1A 1A 1A 5F 31 32 30 5F 53 31 32 5F,01:00:00:00,0
001:01:000,1,,Meta Event,Instrument Name,Steinway Piano 2,FF 04 53 74 65 69 6E 77 61 79 20 50 69 61 6E 6F 20 32,01:00:00:00,0
001:01:000,1,,Meta Event,Time Signature,"4/4, Click: 24, MIDI Clock: 8",FF 58 04 02 18 08,01:00:00:00,0
001:01:000,1,,Meta Event,Key Signature,C,FF 59 00 00,01:00:00:00,0
001:01:000,1,,Meta Event,SMPTE Offset,"01 : 00 : 00 : 00 : 00, 25 fps",FF 54 21 00 00 00 00,01:00:00:00,0
001:01:000,1,,Meta Event,Set Tempo,120,FF 51 07 A1 20,01:00:00:00,0
001:04:360,1,1,Note,C7,068 064 324,90 60 44,01:00:01:21,1800
002:01:420,1,,Meta Event,Lyric,어,FF 05 EC 96 B4,01:00:02:10,2340
002:01:442,1,1,Note,F4,068 000 141,90 41 44,01:00:02:11,2362
002:02:107,1,1,Note,F4,066 000 323,90 41 42,01:00:02:15,2507
002:02:120,1,,Meta Event,Lyric,쩐,FF 05 EC A9 90,01:00:02:15,2520
002:02:420,1,,Meta Event,Lyric,지,FF 05 EC A7 80,01:00:02:23,2820
002:02:434,1,1,Note,E4,077 000 153,90 40 4D,01:00:02:23,2834
002:03:111,1,1,Note,E4,070 000 194,90 40 46,01:00:03:02,2991
002:03:120,1,,Meta Event,Lyric,이,FF 05 EC 9D B4,01:00:03:03,3000
002:03:309,1,1,Note,C7,027 000 348,90 60 1B,01:00:03:08,3189
002:04:180,1,,Meta Event,Lyric,자,FF 05 EC 9E 90,01:00:03:17,3540
002:04:181,1,1,Note,D4,073 000 235,90 3E 49,01:00:03:17,3541
002:04:420,1,,Meta Event,Lyric,꾸,FF 05 EA BE B8,01:00:03:23,3780
002:04:420,1,1,Note,E4,064 000 180,90 40 40,01:00:03:23,3780
003:01:120,1,,Meta Event,Lyric,눈,FF 05 EB 88 88,01:00:04:03,3960
003:01:124,1,1,Note,E4,078 000 209,90 40 4E,01:00:04:03,3964
003:01:337,1,1,Note,E4,066 000 211,90 40 42,01:00:04:08,4177
003:01:360,1,,Meta Event,Lyric,이,FF 05 EC 9D B4,01:00:04:09,4200
003:02:060,1,,Meta Event,Lyric,마,FF 05 EB A7 88,01:00:04:14,4380
003:02:072,1,1,Note,D4,077 000 78,90 3E 4D,01:00:04:14,4392
003:02:154,1,1,Note,E4,066 000 120,90 40 42,01:00:04:16,4474
003:02:180,1,,Meta Event,Lyric,주^,FF 05 EC A3 BC 5E,01:00:04:17,4500
003:02:278,1,1,Note,F4,070 000 92,90 41 46,01:00:04:19,4598
003:02:300,1,,Meta Event,Lyric,우,FF 05 EC 9A B0,01:00:04:20,4620
003:02:360,1,,Meta Event,Lyric,쳐,FF 05 EC B3 90,01:00:04:21,4680
003:02:374,1,1,Note,D4,076 000 212,90 3E 4C,01:00:04:22,4694
003:03:110,1,1,Note,D4,059 000 401,90 3E 3B,01:00:05:02,4910
003:03:120,1,,Meta Event,Lyric,어,FF 05 EC 96 B4,01:00:05:03,4920
003:04:035,1,1,Note,C7,024 000 839,90 60 18,01:00:05:13,5315
004:01:398,1,1,Note,E4,081 000 183,90 40 51,01:00:06:10,6158
004:01:420,1,,Meta Event,Lyric,너^,FF 05 EB 84 88 5E,01:00:06:10,6180
004:02:105,1,1,Note,F4,088 000 254,90 41 58,01:00:06:15,6345
004:02:120,1,,Meta Event,Lyric,어,FF 05 EC 96 B4,01:00:06:15,6360
004:02:360,1,,Meta Event,Lyric,어,FF 05 EC 96 B4,01:00:06:21,6600
004:02:363,1,1,Note,E4,074 000 144,90 40 4A,01:00:06:21,6603
004:03:031,1,1,Note,D4,080 000 282,90 3E 50,01:00:07:00,6751
004:03:060,1,,Meta Event,Lyric,쩌,FF 05 EC A9 8C,01:00:07:01,6780
004:03:300,1,,Meta Event,Lyric,려,FF 05 EB A0 A4,01:00:07:07,7020
004:03:317,1,1,Note,E4,086 000 197,90 40 56,01:00:07:08,7037
004:04:038,1,1,Note,D4,072 000 212,90 3E 48,01:00:07:13,7238
004:04:060,1,,Meta Event,Lyric,고,FF 05 EA B3 A0,01:00:07:14,7260
004:04:240,1,,Meta Event,Lyric,그^,FF 05 EA B7 B8 5E,01:00:07:18,7440
004:04:254,1,1,Note,D4,069 000 209,90 3E 45,01:00:07:19,7454
004:04:467,1,1,Note,E4,084 000 203,90 40 54,01:00:07:24,7667
005:01:000,1,,Meta Event,Lyric,으,FF 05 EC 9C BC,01:00:08:00,7680
005:01:180,1,,Meta Event,Lyric,래,FF 05 EB 9E 98,01:00:08:04,7860
005:01:194,1,1,Note,F4,088 000 164,90 41 58,01:00:08:05,7874
005:01:360,1,,Meta Event,Lyric,애,FF 05 EC 95 A0,01:00:08:09,8040
005:01:362,1,1,Note,F4,077 000 302,90 41 4D,01:00:08:09,8042
005:04:104,1,1,Note,C7,025 000 452,90 60 19,01:00:09:15,9224
006:01:060,1,,Meta Event,Lyric,수^,FF 05 EC 88 98 5E,01:00:10:01,9660
006:01:080,1,1,Note,Ab4,071 000 223,90 44 47,01:00:10:02,9680
006:01:300,1,,Meta Event,Lyric,우,FF 05 EC 9A B0,01:00:10:07,9900
006:01:307,1,1,Note,A4,066 000 137,90 45 42,01:00:10:07,9907
006:01:420,1,,Meta Event,Lyric,많,FF 05 EB A7 8E,01:00:10:10,10020
006:01:448,1,1,Note,A4,087 000 211,90 45 57,01:00:10:11,10048
006:02:180,1,,Meta Event,Lyric,은,FF 05 EC 9D 80,01:00:10:17,10260
006:02:183,1,1,Note,A4,069 000 174,90 45 45,01:00:10:17,10263
006:02:360,1,,Meta Event,Lyric,새^,FF 05 EC 83 88 5E,01:00:10:21,10440
006:02:361,1,1,Note,F4,077 000 230,90 41 4D,01:00:10:21,10441
006:03:115,1,1,Note,G4,068 000 206,90 43 44,01:00:11:02,10675
006:03:120,1,,Meta Event,Lyric,앵,FF 05 EC 95 B5,01:00:11:03,10680
006:03:300,1,,Meta Event,Lyric,각,FF 05 EA B0 81,01:00:11:07,10860
006:03:325,1,1,Note,G4,087 000 289,90 43 57,01:00:11:08,10885
006:04:120,1,,Meta Event,Lyric,너^,FF 05 EB 84 88 5E,01:00:11:15,11160
006:04:138,1,1,Note,Gb4,084 000 194,90 42 54,01:00:11:16,11178
006:04:336,1,1,Note,G4,088 000 147,90 43 58,01:00:11:21,11376
006:04:360,1,,Meta Event,Lyric,어,FF 05 EC 96 B4,01:00:11:21,11400
007:01:000,1,,Meta Event,Lyric,에,FF 05 EC 97 90,01:00:12:00,11520
007:01:007,1,1,Note,G4,086 000 173,90 43 56,01:00:12:00,11527
007:01:180,1,,Meta Event,Lyric,게,FF 05 EA B2 8C,01:00:12:04,11700
007:01:184,1,1,Note,G4,079 000 229,90 43 4F,01:00:12:04,11704
007:01:417,1,1,Note,G4,082 000 260,90 43 52,01:00:12:10,11937
007:01:420,1,,Meta Event,Lyric,다,FF 05 EB 8B A4,01:00:12:10,11940
007:02:180,1,,Meta Event,Lyric,가^,FF 05 EA B0 80 5E,01:00:12:17,12180
007:02:201,1,1,Note,G4,091 000 114,90 43 5B,01:00:12:17,12201
007:02:300,1,,Meta Event,Lyric,아,FF 05 EC 95 84,01:00:12:20,12300
007:02:319,1,1,Note,A4,086 000 116,90 45 56,01:00:12:20,12319
007:02:420,1,,Meta Event,Lyric,가,FF 05 EA B0 80,01:00:12:23,12420
007:02:439,1,1,Note,D4,091 000 218,90 3E 5B,01:00:12:23,12439
007:03:180,1,,Meta Event,Lyric,아,FF 05 EC 95 84,01:00:13:04,12660
007:03:181,1,1,Note,D4,072 000 399,90 3E 48,01:00:13:04,12661
007:04:104,1,1,Note,C7,025 000 456,90 60 19,01:00:13:15,13064
008:01:060,1,,Meta Event,Lyric,써,FF 05 EC 8D A8,01:00:14:01,13500
008:01:084,1,1,Note,D4,074 000 281,90 3E 4A,01:00:14:02,13524
008:01:360,1,,Meta Event,Lyric,내,FF 05 EB 82 B4,01:00:14:09,13800
008:01:369,1,1,Note,F4,093 000 247,90 41 5D,01:00:14:09,13809
008:02:120,1,,Meta Event,Lyric,려^,FF 05 EB A0 A4 5E,01:00:14:15,14040
008:02:140,1,1,Note,G4,083 000 113,90 43 53,01:00:14:16,14060
008:02:240,1,,Meta Event,Lyric,어,FF 05 EC 96 B4,01:00:14:18,14160
008:02:257,1,1,Note,A4,080 000 137,90 45 50,01:00:14:19,14177
008:02:398,1,1,Note,G4,089 000 208,90 43 59,01:00:14:22,14318
008:02:420,1,,Meta Event,Lyric,가,FF 05 EA B0 80,01:00:14:23,14340
008:03:120,1,,Meta Event,Lyric,시,FF 05 EC 8B 9C,01:00:15:03,14520
008:03:130,1,1,Note,E4,066 000 284,90 40 42,01:00:15:03,14530
008:03:418,1,1,Note,Gb4,089 000 258,90 42 59,01:00:15:10,14818
008:03:420,1,,Meta Event,Lyric,나,FF 05 EB 82 98,01:00:15:10,14820
008:04:180,1,,Meta Event,Lyric,리,FF 05 EB A6 AC,01:00:15:17,15060
008:04:200,1,1,Note,Gb4,078 000 260,90 42 4E,01:00:15:17,15080
008:04:464,1,1,Note,F4,090 000 157,90 41 5A,01:00:15:24,15344
009:01:000,1,,Meta Event,Lyric,오^,FF 05 EC 98 A4 5E,01:00:16:00,15360
009:01:120,1,,Meta Event,Lyric,오,FF 05 EC 98 A4,01:00:16:03,15480
009:01:145,1,1,Note,Gb4,080 000 563,90 42 50,01:00:16:03,15505
009:02:232,1,1,Note,C7,028 000 380,90 60 1C,01:00:16:18,16072
009:03:120,1,,Meta Event,Lyric,적,FF 05 EC A0 81,01:00:17:03,16440
009:03:136,1,1,Note,D4,058 000 260,90 3E 3A,01:00:17:03,16456
009:03:400,1,1,Note,D4,081 000 266,90 3E 51,01:00:17:10,16720
009:03:420,1,,Meta Event,Lyric,당,FF 05 EB 8B B9,01:00:17:10,16740
009:04:180,1,,Meta Event,Lyric,한,FF 05 ED 95 9C,01:00:17:17,16980
009:04:190,1,1,Note,C4,058 000 177,90 3C 3A,01:00:17:17,16990
009:04:360,1,,Meta Event,Lyric,수,FF 05 EC 88 98,01:00:17:21,17160
009:04:371,1,1,Note,D4,064 000 212,90 3E 40,01:00:17:22,17171
010:01:107,1,1,Note,D4,056 000 197,90 3E 38,01:00:18:02,17387
010:01:120,1,,Meta Event,Lyric,운,FF 05 EC 9A B4,01:00:18:03,17400
010:01:300,1,,Meta Event,Lyric,가^,FF 05 EA B0 80 5E,01:00:18:07,17580
010:01:308,1,1,Note,G4,089 000 117,90 43 59,01:00:18:08,17588
010:01:420,1,,Meta Event,Lyric,안,FF 05 EC 95 88,01:00:18:10,17700
010:01:429,1,1,Note,A4,066 000 140,90 45 42,01:00:18:11,17709
010:02:093,1,1,Note,C7,027 000 511,90 60 1B,01:00:18:14,17853
010:03:120,1,,Meta Event,Lyric,넌,FF 05 EB 84 8C,01:00:19:03,18360
010:03:128,1,1,Note,D4,067 000 280,90 3E 43,01:00:19:03,18368
010:03:412,1,1,Note,D4,073 000 209,90 3E 49,01:00:19:10,18652
010:03:420,1,,Meta Event,Lyric,지,FF 05 EC A7 80,01:00:19:10,18660
010:04:120,1,,Meta Event,Lyric,금,FF 05 EA B8 88,01:00:19:15,18840
010:04:145,1,1,Note,B3,055 000 312,90 3B 37,01:00:19:16,18865
010:04:461,1,1,Note,Db4,074 000 256,90 3D 4A,01:00:19:24,19181
011:01:000,1,,Meta Event,Lyric,모,FF 05 EB AA A8,01:00:20:00,19200
011:01:240,1,,Meta Event,Lyric,해^,FF 05 ED 95 B4 5E,01:00:20:06,19440
011:01:241,1,1,Note,G4,079 000 266,90 43 4F,01:00:20:06,19441
011:02:031,1,1,Note,A4,073 000 275,90 45 49,01:00:20:13,19711
011:02:060,1,,Meta Event,Lyric,애,FF 05 EC 95 A0,01:00:20:14,19740
011:02:310,1,1,Note,C7,026 000 777,90 60 1A,01:00:20:20,19990
011:04:120,1,,Meta Event,Lyric,톱,FF 05 ED 86 B1,01:00:21:15,20760
011:04:131,1,1,Note,A4,066 000 333,90 45 42,01:00:21:15,20771
011:04:468,1,1,Note,A4,081 000 115,90 45 51,01:00:21:24,21108
012:01:000,1,,Meta Event,Lyric,니^,FF 05 EB 8B 88 5E,01:00:22:00,21120
012:01:107,1,1,Note,Bb4,079 000 111,90 46 4F,01:00:22:02,21227
012:01:120,1,,Meta Event,Lyric,이,FF 05 EC 9D B4,01:00:22:03,21240
012:01:222,1,1,Note,A4,081 000 213,90 45 51,01:00:22:05,21342
012:01:240,1,,Meta Event,Lyric,바,FF 05 EB B0 94,01:00:22:06,21360
012:01:420,1,,Meta Event,Lyric,퀴,FF 05 ED 80 B4,01:00:22:10,21540
012:01:439,1,1,Note,G4,072 000 231,90 43 48,01:00:22:11,21559
012:02:180,1,,Meta Event,Lyric,가,FF 05 EA B0 80,01:00:22:17,21780
012:02:194,1,1,Note,F4,086 000 254,90 41 56,01:00:22:17,21794
012:02:452,1,1,Note,F4,076 000 248,90 41 4C,01:00:22:24,22052
012:03:000,1,,Meta Event,Lyric,맞,FF 05 EB A7 9E,01:00:23:00,22080
012:03:224,1,1,Note,G4,087 000 228,90 43 57,01:00:23:05,22304
012:03:240,1,,Meta Event,Lyric,춰^,FF 05 EC B6 B0 5E,01:00:23:06,22320
012:03:456,1,1,Note,A4,103 000 188,90 45 67,01:00:23:11,22536
012:04:000,1,,Meta Event,Lyric,어,FF 05 EC 96 B4,01:00:23:12,22560
012:04:168,1,1,Note,G4,074 000 220,90 43 4A,01:00:23:16,22728
012:04:180,1,,Meta Event,Lyric,지,FF 05 EC A7 80,01:00:23:17,22740
012:04:392,1,1,Note,G4,079 000 219,90 43 4F,01:00:23:22,22952
012:04:420,1,,Meta Event,Lyric,이,FF 05 EC 9D B4,01:00:23:23,22980
013:01:120,1,,Meta Event,Lyric,는,FF 05 EB 8A 94,01:00:24:03,23160
013:01:135,1,1,Note,D4,053 000 307,90 3E 35,01:00:24:03,23175
013:01:420,1,,Meta Event,Lyric,고^,FF 05 EA B3 A0 5E,01:00:24:10,23460
013:01:446,1,1,Note,E4,093 000 159,90 40 5D,01:00:24:11,23486
013:02:120,1,,Meta Event,Lyric,옷,FF 05 EC 98 B7,01:00:24:15,23640
013:02:129,1,1,Note,Gb4,092 000 493,90 42 5C,01:00:24:15,23649
013:03:146,1,1,Note,C7,025 000 264,90 60 19,01:00:25:03,24146
013:03:414,1,1,Note,D4,079 000 262,90 3E 4F,01:00:25:10,24414
013:03:420,1,,Meta Event,Lyric,빠,FF 05 EB B9 A0,01:00:25:10,24420
013:04:180,1,,Meta Event,Lyric,져,FF 05 EC A0 B8,01:00:25:17,24660
013:04:200,1,1,Note,C4,068 000 226,90 3C 44,01:00:25:17,24680
013:04:420,1,,Meta Event,Lyric,나,FF 05 EB 82 98,01:00:25:23,24900
013:04:430,1,1,Note,Bb3,059 000 246,90 3A 3B,01:00:25:23,24910
014:01:180,1,,Meta Event,Lyric,가,FF 05 EA B0 80,01:00:26:04,25140
014:01:200,1,1,Note,D4,079 000 236,90 3E 4F,01:00:26:05,25160
014:01:420,1,,Meta Event,Lyric,려^,FF 05 EB A0 A4 5E,01:00:26:10,25380
014:01:440,1,1,Note,G4,086 000 100,90 43 56,01:00:26:11,25400
014:02:060,1,,Meta Event,Lyric,어,FF 05 EC 96 B4,01:00:26:14,25500
014:02:064,1,1,Note,A4,085 000 131,90 45 55,01:00:26:14,25504
014:02:180,1,,Meta Event,Lyric,고,FF 05 EA B3 A0,01:00:26:17,25620
014:02:199,1,1,Note,G4,088 000 200,90 43 58,01:00:26:17,25639
014:02:403,1,1,Note,G4,079 000 207,90 43 4F,01:00:26:22,25843
014:02:420,1,,Meta Event,Lyric,오,FF 05 EC 98 A4,01:00:26:23,25860
014:03:134,1,1,Note,C7,032 000 314,90 60 20,01:00:27:03,26054
014:03:452,1,1,Note,D4,081 000 131,90 3E 51,01:00:27:11,26372
014:04:000,1,,Meta Event,Lyric,머^,FF 05 EB A8 B8 5E,01:00:27:12,26400
014:04:107,1,1,Note,E4,087 000 105,90 40 57,01:00:27:15,26507
014:04:120,1,,Meta Event,Lyric,어,FF 05 EC 96 B4,01:00:27:15,26520
014:04:216,1,1,Note,D4,075 000 200,90 3E 4B,01:00:27:18,26616
014:04:240,1,,Meta Event,Lyric,릴,FF 05 EB A6 B4,01:00:27:18,26640
014:04:420,1,,Meta Event,Lyric,굴,FF 05 EA B5 B4,01:00:27:23,26820
014:04:420,1,1,Note,Db4,069 000 246,90 3D 45,01:00:27:23,26820
015:01:180,1,,Meta Event,Lyric,려,FF 05 EB A0 A4,01:00:28:04,27060
015:01:190,1,1,Note,E4,084 000 207,90 40 54,01:00:28:04,27070
015:01:401,1,1,Note,Bb4,103 000 255,90 46 67,01:00:28:10,27281
015:01:420,1,,Meta Event,Lyric,봐,FF 05 EB B4 90,01:00:28:10,27300
015:02:180,1,,Meta Event,Lyric,도,FF 05 EB 8F 84,01:00:28:17,27540
015:02:180,1,1,Note,A4,091 000 317,90 45 5B,01:00:28:17,27540
015:03:021,1,1,Note,C7,031 000 165,90 60 1F,01:00:29:00,27861
015:03:180,1,,Meta Event,Lyric,계,FF 05 EA B3 84,01:00:29:04,28020
015:03:190,1,1,Note,D5,070 000 214,90 4A 46,01:00:29:04,28030
015:03:408,1,1,Note,A4,062 000 226,90 45 3E,01:00:29:10,28248
015:03:420,1,,Meta Event,Lyric,획,FF 05 ED 9A 8D,01:00:29:10,28260
015:04:158,1,1,Note,A4,079 000 249,90 45 4F,01:00:29:16,28478
015:04:180,1,,Meta Event,Lyric,대^,FF 05 EB 8C 80 5E,01:00:29:17,28500
015:04:411,1,1,Note,B4,095 000 256,90 47 5F,01:00:29:23,28731
015:04:420,1,,Meta Event,Lyric,애,FF 05 EC 95 A0,01:00:29:23,28740
016:01:180,1,,Meta Event,Lyric,로,FF 05 EB A1 9C,01:00:30:04,28980
016:01:191,1,1,Note,G4,088 000 213,90 43 58,01:00:30:04,28991
016:01:408,1,1,Note,D4,072 000 231,90 3E 48,01:00:30:10,29208
016:01:420,1,,Meta Event,Lyric,다,FF 05 EB 8B A4,01:00:30:10,29220
016:02:163,1,1,Note,Eb4,088 000 230,90 3F 58,01:00:30:16,29443
016:02:180,1,,Meta Event,Lyric,되^,FF 05 EB 90 98 5E,01:00:30:17,29460
016:02:397,1,1,Note,E4,094 000 235,90 40 5E,01:00:30:22,29677
016:02:420,1,,Meta Event,Lyric,에,FF 05 EC 97 90,01:00:30:23,29700
016:03:156,1,1,Note,Gb4,088 000 270,90 42 58,01:00:31:04,29916
016:03:180,1,,Meta Event,Lyric,고,FF 05 EA B3 A0,01:00:31:04,29940
016:03:420,1,,Meta Event,Lyric,이,FF 05 EC 9D B4,01:00:31:10,30180
016:03:430,1,1,Note,G4,086 000 160,90 43 56,01:00:31:11,30190
016:04:114,1,1,Note,G4,091 000 308,90 43 5B,01:00:31:15,30354
016:04:120,1,,Meta Event,Lyric,써^,FF 05 EC 8D A8 5E,01:00:31:15,30360
016:04:420,1,,Meta Event,Lyric,어~,FF 05 EC 96 B4 7E,01:00:31:23,30660
016:04:426,1,1,Note,A4,103 000 1323,90 45 67,01:00:31:23,30666
018:04:435,1,1,Note,C7,030 000 441,90 60 1E,01:00:35:23,34515
019:01:420,1,,Meta Event,Lyric,게,FF 05 EA B2 8C,01:00:36:10,34980
019:01:430,1,1,Note,G4,088 000 146,90 43 58,01:00:36:11,34990
019:02:100,1,1,Note,A4,081 000 153,90 45 51,01:00:36:15,35140
019:02:120,1,,Meta Event,Lyric,임,FF 05 EC 9E 84,01:00:36:15,35160
019:02:240,1,,Meta Event,Lyric,은,FF 05 EC 9D 80,01:00:36:18,35280
019:02:257,1,1,Note,A4,091 000 124,90 45 5B,01:00:36:19,35297
019:02:360,1,,Meta Event,Lyric,시,FF 05 EC 8B 9C,01:00:36:21,35400
019:02:385,1,1,Note,A4,066 000 175,90 45 42,01:00:36:22,35425
019:03:060,1,,Meta Event,Lyric,작,FF 05 EC 9E 91,01:00:37:01,35580
019:03:084,1,1,Note,A4,087 000 165,90 45 57,01:00:37:02,35604
019:03:240,1,,Meta Event,Lyric,되^,FF 05 EB 90 98 5E,01:00:37:06,35760
019:03:253,1,1,Note,A4,092 000 182,90 45 5C,01:00:37:06,35773
019:03:420,1,,Meta Event,Lyric,엤,FF 05 EC 97 A4,01:00:37:10,35940
019:03:439,1,1,Note,Bb4,105 000 142,90 46 69,01:00:37:11,35959
019:04:105,1,1,Note,A4,078 000 222,90 45 4E,01:00:37:15,36105
019:04:120,1,,Meta Event,Lyric,지,FF 05 EC A7 80,01:00:37:15,36120
019:04:331,1,1,Note,G4,101 000 211,90 43 65,01:00:37:21,36331
019:04:360,1,,Meta Event,Lyric,나,FF 05 EB 82 98,01:00:37:21,36360
020:01:060,1,,Meta Event,Lyric,랑,FF 05 EB 9E 91,01:00:38:01,36540
020:01:066,1,1,Note,A4,095 000 217,90 45 5F,01:00:38:01,36546
020:01:287,1,1,Note,A4,095 000 137,90 45 5F,01:00:38:07,36767
020:01:300,1,,Meta Event,Lyric,노^,FF 05 EB 85 B8 5E,01:00:38:07,36780
020:01:420,1,,Meta Event,Lyric,올,FF 05 EC 98 AC,01:00:38:10,36900
020:01:428,1,1,Note,Bb4,103 000 242,90 46 67,01:00:38:11,36908
020:02:180,1,,Meta Event,Lyric,래,FF 05 EB 9E 98,01:00:38:17,37140
020:02:194,1,1,Note,A4,116 000 153,90 45 74,01:00:38:17,37154
020:02:351,1,1,Note,A4,077 000 312,90 45 4D,01:00:38:21,37311
020:02:360,1,,Meta Event,Lyric,애,FF 05 EC 95 A0,01:00:38:21,37320
020:04:435,1,1,Note,C7,030 000 441,90 60 1E,01:00:39:23,38355
021:01:420,1,,Meta Event,Lyric,끝,FF 05 EB 81 9D,01:00:40:10,38820
021:01:437,1,1,Note,A4,057 000 168,90 45 39,01:00:40:11,38837
021:02:120,1,,Meta Event,Lyric,까,FF 05 EA B9 8C,01:00:40:15,39000
021:02:129,1,1,Note,A4,098 000 290,90 45 62,01:00:40:15,39009
021:02:420,1,,Meta Event,Lyric,지,FF 05 EC A7 80,01:00:40:23,39300
021:02:423,1,1,Note,G4,065 000 129,90 43 41,01:00:40:23,39303
021:03:060,1,,Meta Event,Lyric,쪼,FF 05 EC AA BC,01:00:41:01,39420
021:03:076,1,1,Note,Bb4,087 000 183,90 46 57,01:00:41:01,39436
021:03:240,1,,Meta Event,Lyric,차^,FF 05 EC B0 A8 5E,01:00:41:06,39600
021:03:263,1,1,Note,Ab4,095 000 223,90 44 5F,01:00:41:06,39623
021:04:000,1,,Meta Event,Lyric,아,FF 05 EC 95 84,01:00:41:12,39840
021:04:010,1,1,Note,Bb4,106 000 179,90 46 6A,01:00:41:12,39850
021:04:180,1,,Meta Event,Lyric,가,FF 05 EA B0 80,01:00:41:17,40020
021:04:193,1,1,Note,A4,104 000 175,90 45 68,01:00:41:17,40033
021:04:360,1,,Meta Event,Lyric,너,FF 05 EB 84 88,01:00:41:21,40200
021:04:372,1,1,Note,G4,091 000 190,90 43 5B,01:00:41:22,40212
022:01:060,1,,Meta Event,Lyric,는,FF 05 EB 8A 94,01:00:42:01,40380
022:01:086,1,1,Note,A4,087 000 188,90 45 57,01:00:42:02,40406
022:01:278,1,1,Note,A4,077 000 204,90 45 4D,01:00:42:07,40598
022:01:300,1,,Meta Event,Lyric,수^,FF 05 EC 88 98 5E,01:00:42:07,40620
022:02:000,1,,Meta Event,Lyric,울,FF 05 EC 9A B8,01:00:42:12,40800
022:02:006,1,1,Note,Bb4,091 000 183,90 46 5B,01:00:42:12,40806
022:02:180,1,,Meta Event,Lyric,래,FF 05 EB 9E 98,01:00:42:17,40980
022:02:193,1,1,Note,A4,112 000 104,90 45 70,01:00:42:17,40993
022:02:300,1,,Meta Event,Lyric,애,FF 05 EC 95 A0,01:00:42:20,41100
022:02:300,1,1,Note,A4,105 000 131,90 45 69,01:00:42:20,41100
022:02:435,1,1,Note,C7,030 000 439,90 60 1E,01:00:42:23,41235
022:03:398,1,1,Note,A4,090 000 137,90 45 5A,01:00:43:10,41678
022:03:420,1,,Meta Event,Lyric,마,FF 05 EB A7 88,01:00:43:10,41700
022:04:059,1,1,Note,C5,090 000 171,90 48 5A,01:00:43:14,41819
022:04:060,1,,Meta Event,Lyric,음,FF 05 EC 9D 8C,01:00:43:14,41820
022:04:234,1,1,Note,C5,094 000 240,90 48 5E,01:00:43:18,41994
022:04:240,1,,Meta Event,Lyric,소^,FF 05 EC 86 8C 5E,01:00:43:18,42000
022:04:478,1,1,Note,D5,100 000 403,90 4A 64,01:00:43:24,42238
023:01:000,1,,Meta Event,Lyric,옥,FF 05 EC 98 A5,01:00:44:00,42240
023:01:405,1,1,Note,Db5,085 000 135,90 49 55,01:00:44:10,42645
023:01:420,1,,Meta Event,Lyric,기^,FF 05 EA B8 B0 5E,01:00:44:10,42660
023:02:060,1,,Meta Event,Lyric,이,FF 05 EC 9D B4,01:00:44:14,42780
023:02:064,1,1,Note,D5,085 000 100,90 4A 55,01:00:44:14,42784
023:02:168,1,1,Note,C5,078 000 285,90 48 4E,01:00:44:16,42888
023:02:180,1,,Meta Event,Lyric,프,FF 05 ED 94 84,01:00:44:17,42900
023:02:457,1,1,Note,C5,070 000 439,90 48 46,01:00:44:24,43177
023:03:000,1,,Meta Event,Lyric,은,FF 05 EC 9D 80,01:00:45:00,43200
023:03:420,1,,Meta Event,Lyric,고^,FF 05 EA B3 A0 5E,01:00:45:10,43620
023:03:420,1,1,Note,C5,091 000 106,90 48 5B,01:00:45:10,43620
023:04:050,1,1,Note,D5,082 000 110,90 4A 52,01:00:45:13,43730
023:04:060,1,,Meta Event,Lyric,오,FF 05 EC 98 A4,01:00:45:14,43740
023:04:164,1,1,Note,Ab4,087 000 255,90 44 57,01:00:45:16,43844
023:04:180,1,,Meta Event,Lyric,세^,FF 05 EC 84 B8 5E,01:00:45:17,43860
023:04:420,1,,Meta Event,Lyric,에,FF 05 EC 97 90,01:00:45:23,44100
023:04:423,1,1,Note,A4,102 000 425,90 45 66,01:00:45:23,44103
024:01:372,1,1,Note,C7,037 000 254,90 60 25,01:00:46:09,44532
024:02:120,1,,Meta Event,Lyric,숨,FF 05 EC 88 A8,01:00:46:15,44760
024:02:150,1,1,Note,A4,067 000 288,90 45 43,01:00:46:16,44790
024:02:420,1,,Meta Event,Lyric,겨^,FF 05 EA B2 A8 5E,01:00:46:23,45060
024:02:442,1,1,Note,Ab4,095 000 100,90 44 5F,01:00:46:24,45082
024:03:060,1,,Meta Event,Lyric,어,FF 05 EC 96 B4,01:00:47:01,45180
024:03:066,1,1,Note,Bb4,108 000 141,90 46 6C,01:00:47:01,45186
024:03:211,1,1,Note,A4,069 000 233,90 45 45,01:00:47:05,45331
024:03:240,1,,Meta Event,Lyric,둔,FF 05 EB 91 94,01:00:47:06,45360
024:03:420,1,,Meta Event,Lyric,맘,FF 05 EB A7 98,01:00:47:10,45540
024:03:448,1,1,Note,G4,096 000 208,90 43 60,01:00:47:11,45568
024:04:180,1,1,Note,F4,081 000 204,90 41 51,01:00:47:17,45780
024:04:180,1,,Meta Event,Lyric,을,FF 05 EC 9D 84,01:00:47:17,45780
024:04:360,1,,Meta Event,Lyric,요^,FF 05 EC 9A 94 5E,01:00:47:21,45960
024:04:388,1,1,Note,Ab4,079 000 170,90 44 4F,01:00:47:22,45988
025:01:060,1,,Meta Event,Lyric,옹,FF 05 EC 98 B9,01:00:48:01,46140
025:01:082,1,1,Note,A4,065 000 137,90 45 41,01:00:48:02,46162
025:01:223,1,1,Note,A4,080 000 220,90 45 50,01:00:48:05,46303
025:01:240,1,,Meta Event,Lyric,기,FF 05 EA B8 B0,01:00:48:06,46320
025:01:420,1,,Meta Event,Lyric,내,FF 05 EB 82 B4,01:00:48:10,46500
025:01:447,1,1,Note,F4,099 000 207,90 41 63,01:00:48:11,46527
025:02:178,1,1,Note,F4,073 000 212,90 41 49,01:00:48:17,46738
025:02:180,1,,Meta Event,Lyric,서,FF 05 EC 84 9C,01:00:48:17,46740
025:02:394,1,1,Note,D4,063 000 291,90 3E 3F,01:00:48:22,46954
025:02:420,1,,Meta Event,Lyric,전,FF 05 EC A0 84,01:00:48:23,46980
025:03:209,1,1,Note,C7,032 000 203,90 60 20,01:00:49:05,47249
025:03:416,1,1,Note,Ab4,084 000 154,90 44 54,01:00:49:10,47456
025:03:420,1,,Meta Event,Lyric,해^,FF 05 ED 95 B4 5E,01:00:49:10,47460
025:04:094,1,1,Note,A4,098 000 98,90 45 62,01:00:49:14,47614
025:04:120,1,,Meta Event,Lyric,애,FF 05 EC 95 A0,01:00:49:15,47640
025:04:180,1,,Meta Event,Lyric,주,FF 05 EC A3 BC,01:00:49:17,47700
025:04:196,1,1,Note,G4,083 000 227,90 43 53,01:00:49:17,47716
025:04:420,1,,Meta Event,Lyric,울,FF 05 EC 9A B8,01:00:49:23,47940
025:04:427,1,1,Note,G4,088 000 182,90 43 58,01:00:49:23,47947
026:01:120,1,,Meta Event,Lyric,세,FF 05 EC 84 B8,01:00:50:03,48120
026:01:133,1,1,Note,G4,070 000 198,90 43 46,01:00:50:03,48133
026:01:335,1,1,Note,D4,076 000 231,90 3E 4C,01:00:50:08,48335
026:01:360,1,,Meta Event,Lyric,사,FF 05 EC 82 AC,01:00:50:09,48360
026:02:090,1,1,Note,D4,068 000 278,90 3E 44,01:00:50:14,48570
026:02:120,1,,Meta Event,Lyric,앙,FF 05 EC 95 99,01:00:50:15,48600
026:02:372,1,1,Note,C7,031 000 244,90 60 1F,01:00:50:22,48852
026:03:120,1,,Meta Event,Lyric,마^,FF 05 EB A7 88 5E,01:00:51:03,49080
026:03:140,1,1,Note,Ab4,085 000 147,90 44 55,01:00:51:03,49100
026:03:291,1,1,Note,A4,095 000 125,90 45 5F,01:00:51:07,49251
026:03:300,1,,Meta Event,Lyric,아,FF 05 EC 95 84,01:00:51:07,49260
026:03:420,1,,Meta Event,Lyric,지,FF 05 EC A7 80,01:00:51:10,49380
026:03:420,1,1,Note,G4,082 000 230,90 43 52,01:00:51:10,49380
026:04:174,1,1,Note,F4,084 000 169,90 41 54,01:00:51:17,49614
026:04:180,1,,Meta Event,Lyric,막,FF 05 EB A7 89,01:00:51:17,49620
026:04:347,1,1,Note,G4,081 000 309,90 43 51,01:00:51:21,49787
026:04:360,1,,Meta Event,Lyric,시^,FF 05 EC 8B 9C 5E,01:00:51:21,49800
027:01:180,1,1,Note,A4,088 000 1422,90 45 58,01:00:52:04,50100
027:01:180,1,,Meta Event,Lyric,이,FF 05 EC 9D B4,01:00:52:04,50100
027:04:166,1,1,Note,C5,100 000 190,90 48 64,01:00:53:16,51526
027:04:180,1,,Meta Event,Lyric,가,FF 05 EA B0 80,01:00:53:17,51540
027:04:360,1,1,Note,C5,096 000 190,90 48 60,01:00:53:21,51720
027:04:360,1,,Meta Event,Lyric,안,FF 05 EC 95 88,01:00:53:21,51720
028:01:074,1,1,Note,C7,033 000 554,90 60 21,01:00:54:01,51914
028:02:152,1,1,Note,A4,084 000 273,90 45 54,01:00:54:16,52472
028:02:180,1,,Meta Event,Lyric,출,FF 05 EC B6 9C,01:00:54:17,52500
028:02:420,1,,Meta Event,Lyric,구,FF 05 EA B5 AC,01:00:54:23,52740
028:02:429,1,1,Note,Bb4,093 000 133,90 46 5D,01:00:54:23,52749
028:03:060,1,,Meta Event,Lyric,도,FF 05 EB 8F 84,01:00:55:01,52860
028:03:086,1,1,Note,A4,097 000 190,90 45 61,01:00:55:02,52886
028:03:280,1,1,Note,G4,089 000 243,90 43 59,01:00:55:07,53080
028:03:300,1,,Meta Event,Lyric,없,FF 05 EC 97 86,01:00:55:07,53100
028:04:047,1,1,Note,F4,075 000 306,90 41 4B,01:00:55:13,53327
028:04:060,1,,Meta Event,Lyric,는,FF 05 EB 8A 94,01:00:55:14,53340
028:04:357,1,1,Note,G4,112 000 152,90 43 70,01:00:55:21,53637
028:04:360,1,,Meta Event,Lyric,매^,FF 05 EB A7 A4 5E,01:00:55:21,53640
029:01:033,1,1,Note,A4,103 000 1557,90 45 67,01:00:56:00,53793
029:01:060,1,,Meta Event,Lyric,애,FF 05 EC 95 A0,01:00:56:01,53820
029:04:154,1,1,Note,C5,080 000 239,90 48 50,01:00:57:16,55354
029:04:180,1,,Meta Event,Lyric,지,FF 05 EC A7 80,01:00:57:17,55380
029:04:397,1,1,Note,C5,086 000 163,90 48 56,01:00:57:22,55597
029:04:420,1,,Meta Event,Lyric,익,FF 05 EC 9D B5,01:00:57:23,55620
030:03:000,1,1,Note,C7,045 064 160,90 60 2D,01:00:59:00,56640
030:03:407,1,1,Note,A4,090 000 183,90 45 5A,01:00:59:10,57047
030:03:420,1,,Meta Event,Lyric,떨,FF 05 EB 96 A8,01:00:59:10,57060
030:04:114,1,1,Note,C5,102 000 210,90 48 66,01:00:59:15,57234
030:04:120,1,,Meta Event,Lyric,리,FF 05 EB A6 AC,01:00:59:15,57240
030:04:300,1,,Meta Event,Lyric,느^,FF 05 EB 8A 90 5E,01:00:59:20,57420
030:04:328,1,1,Note,Db5,092 000 185,90 49 5C,01:00:59:21,57448
031:01:037,1,1,Note,D5,093 000 428,90 4A 5D,01:01:00:00,57637
031:01:060,1,,Meta Event,Lyric,은,FF 05 EC 9D 80,01:01:00:01,57660
031:01:469,1,1,Note,Db5,081 000 77,90 49 51,01:01:00:12,58069
031:02:000,1,,Meta Event,Lyric,이^,FF 05 EC 9D B4 5E,01:01:00:12,58080
031:02:060,1,,Meta Event,Lyric,입,FF 05 EC 9E 85,01:01:00:14,58140
031:02:070,1,1,Note,D5,077 000 126,90 4A 4D,01:01:00:14,58150
031:02:180,1,,Meta Event,Lyric,수,FF 05 EC 88 98,01:01:00:17,58260
031:02:200,1,1,Note,C5,096 000 312,90 48 60,01:01:00:17,58280
031:03:036,1,1,Note,C5,096 000 384,90 48 60,01:01:01:00,58596
031:03:060,1,,Meta Event,Lyric,울,FF 05 EC 9A B8,01:01:01:01,58620
031:03:420,1,,Meta Event,Lyric,끄,FF 05 EB 81 84,01:01:01:10,58980
031:03:424,1,1,Note,Db5,066 000 222,90 49 42,01:01:01:11,58984
031:04:170,1,1,Note,G4,096 000 264,90 43 60,01:01:01:16,59210
031:04:180,1,,Meta Event,Lyric,테^,FF 05 ED 85 8C 5E,01:01:01:17,59220
031:04:420,1,,Meta Event,Lyric,에,FF 05 EC 97 90,01:01:01:23,59460
031:04:438,1,1,Note,A4,108 000 425,90 45 6C,01:01:01:23,59478
032:01:387,1,1,Note,C7,031 000 181,90 60 1F,01:01:02:10,59907
032:02:092,1,1,Note,A4,065 000 345,90 45 41,01:01:02:14,60092
032:02:120,1,,Meta Event,Lyric,숨,FF 05 EC 88 A8,01:01:02:15,60120
032:02:420,1,,Meta Event,Lyric,겨,FF 05 EA B2 A8,01:01:02:23,60420
032:02:441,1,1,Note,Bb4,088 000 124,90 46 58,01:01:02:23,60441
032:03:060,1,,Meta Event,Lyric,둔,FF 05 EB 91 94,01:01:03:01,60540
032:03:089,1,1,Note,A4,070 000 251,90 45 46,01:01:03:02,60569
032:03:344,1,1,Note,G4,093 000 226,90 43 5D,01:01:03:08,60824
032:03:360,1,,Meta Event,Lyric,말,FF 05 EB A7 90,01:01:03:09,60840
032:04:094,1,1,Note,F4,076 000 141,90 41 4C,01:01:03:14,61054
032:04:120,1,,Meta Event,Lyric,으,FF 05 EC 9C BC,01:01:03:15,61080
032:04:239,1,1,Note,F4,072 000 193,90 41 48,01:01:03:18,61199
032:04:240,1,,Meta Event,Lyric,을,FF 05 EC 9D 84,01:01:03:18,61200
032:04:420,1,,Meta Event,Lyric,너^,FF 05 EB 84 88 5E,01:01:03:23,61380
032:04:436,1,1,Note,G4,088 000 144,90 43 58,01:01:03:23,61396
033:01:104,1,1,Note,A4,091 000 147,90 45 5B,01:01:04:02,61544
033:01:120,1,,Meta Event,Lyric,어,FF 05 EC 96 B4,01:01:04:03,61560
033:01:240,1,,Meta Event,Lyric,에,FF 05 EC 97 90,01:01:04:06,61680
033:01:255,1,1,Note,A4,091 000 208,90 45 5B,01:01:04:06,61695
033:01:467,1,1,Note,F4,075 000 159,90 41 4B,01:01:04:12,61907
033:02:000,1,,Meta Event,Lyric,게,FF 05 EA B2 8C,01:01:04:12,61920
033:02:150,1,1,Note,F4,064 000 175,90 41 40,01:01:04:16,62070
033:02:180,1,,Meta Event,Lyric,속,FF 05 EC 86 8D,01:01:04:17,62100
033:02:300,1,,Meta Event,Lyric,사,FF 05 EC 82 AC,01:01:04:20,62220
033:02:329,1,1,Note,D4,068 000 369,90 3E 44,01:01:04:21,62249
033:03:222,1,1,Note,C7,028 000 170,90 60 1C,01:01:05:05,62622
033:03:396,1,1,Note,G4,080 000 156,90 43 50,01:01:05:10,62796
033:03:420,1,,Meta Event,Lyric,겨^,FF 05 EA B2 A8 5E,01:01:05:10,62820
033:04:060,1,,Meta Event,Lyric,어,FF 05 EC 96 B4,01:01:05:14,62940
033:04:076,1,1,Note,A4,094 000 92,90 45 5E,01:01:05:14,62956
033:04:172,1,1,Note,G4,082 000 182,90 43 52,01:01:05:16,63052
033:04:180,1,,Meta Event,Lyric,주,FF 05 EC A3 BC,01:01:05:17,63060
033:04:358,1,1,Note,G4,080 000 287,90 43 50,01:01:05:21,63238
033:04:360,1,,Meta Event,Lyric,울,FF 05 EC 9A B8,01:01:05:21,63240
034:01:169,1,1,Note,G4,058 000 111,90 43 3A,01:01:06:04,63529
034:01:180,1,,Meta Event,Lyric,이^,FF 05 EC 9D B4 5E,01:01:06:04,63540
034:01:284,1,1,Note,A4,058 000 118,90 45 3A,01:01:06:07,63644
034:01:300,1,,Meta Event,Lyric,이,FF 05 EC 9D B4,01:01:06:07,63660
034:01:406,1,1,Note,D4,070 000 193,90 3E 46,01:01:06:10,63766
034:01:420,1,,Meta Event,Lyric,바,FF 05 EB B0 94,01:01:06:10,63780
034:02:120,1,,Meta Event,Lyric,암,FF 05 EC 95 94,01:01:06:15,63960
034:02:123,1,1,Note,D4,062 000 271,90 3E 3E,01:01:06:15,63963
034:02:398,1,1,Note,C7,026 000 249,90 60 1A,01:01:06:22,64238
034:03:171,1,1,Note,D4,061 000 185,90 3E 3D,01:01:07:04,64491
034:03:180,1,,Meta Event,Lyric,복,FF 05 EB B3 B5,01:01:07:04,64500
034:03:360,1,,Meta Event,Lyric,잡,FF 05 EC 9E A1,01:01:07:09,64680
034:03:360,1,1,Note,D4,064 000 289,90 3E 40,01:01:07:09,64680
034:04:173,1,1,Note,C4,058 000 288,90 3C 3A,01:01:07:17,64973
034:04:180,1,,Meta Event,Lyric,한,FF 05 ED 95 9C,01:01:07:17,64980
034:04:465,1,1,Note,D4,079 000 273,90 3E 4F,01:01:07:24,65265
035:01:000,1,,Meta Event,Lyric,마,FF 05 EB A7 88,01:01:08:00,65280
035:01:240,1,,Meta Event,Lyric,으^,FF 05 EC 9C BC 5E,01:01:08:06,65520
035:01:262,1,1,Note,G4,079 000 117,90 43 4F,01:01:08:06,65542
035:01:360,1,,Meta Event,Lyric,음,FF 05 EC 9D 8C,01:01:08:09,65640
035:01:383,1,1,Note,A4,063 000 234,90 45 3F,01:01:08:09,65663
035:02:141,1,1,Note,C7,026 000 480,90 60 1A,01:01:08:16,65901
035:03:120,1,,Meta Event,Lyric,정,FF 05 EC A0 95,01:01:09:03,66360
035:03:145,1,1,Note,D4,071 000 270,90 3E 47,01:01:09:03,66385
035:03:419,1,1,Note,D4,069 000 189,90 3E 45,01:01:09:10,66659
035:03:420,1,,Meta Event,Lyric,해,FF 05 ED 95 B4,01:01:09:10,66660
035:04:120,1,,Meta Event,Lyric,진,FF 05 EC A7 84,01:01:09:15,66840
035:04:132,1,1,Note,B3,050 000 292,90 3B 32,01:01:09:15,66852
035:04:420,1,,Meta Event,Lyric,규,FF 05 EA B7 9C,01:01:09:23,67140
035:04:428,1,1,Note,Db4,061 000 248,90 3D 3D,01:01:09:23,67148
036:01:180,1,,Meta Event,Lyric,치^,FF 05 EC B9 98 5E,01:01:10:04,67380
036:01:200,1,1,Note,Ab4,067 000 275,90 44 43,01:01:10:05,67400
036:01:479,1,1,Note,A4,068 000 164,90 45 44,01:01:10:12,67679
036:02:000,1,,Meta Event,Lyric,익,FF 05 EC 9D B5,01:01:10:12,67680
036:02:167,1,1,Note,C7,025 000 924,90 60 19,01:01:10:16,67847
036:04:120,1,,Meta Event,Lyric,결,FF 05 EA B2 B0,01:01:11:15,68760
036:04:135,1,1,Note,A4,076 000 275,90 45 4C,01:01:11:16,68775
036:04:414,1,1,Note,A4,078 000 120,90 45 4E,01:01:11:23,69054
036:04:420,1,,Meta Event,Lyric,과^,FF 05 EA B3 BC 5E,01:01:11:23,69060
037:01:058,1,1,Note,Bb4,089 000 164,90 46 59,01:01:12:01,69178
037:01:060,1,,Meta Event,Lyric,아,FF 05 EC 95 84,01:01:12:01,69180
037:01:226,1,1,Note,A4,096 000 180,90 45 60,01:01:12:05,69346
037:01:240,1,,Meta Event,Lyric,에,FF 05 EC 97 90,01:01:12:06,69360
037:01:410,1,1,Note,G4,081 000 261,90 43 51,01:01:12:10,69530
037:01:420,1,,Meta Event,Lyric,다,FF 05 EB 8B A4,01:01:12:10,69540
037:02:180,1,,Meta Event,Lyric,가,FF 05 EA B0 80,01:01:12:17,69780
037:02:195,1,1,Note,F4,081 000 238,90 41 51,01:01:12:17,69795
037:02:420,1,,Meta Event,Lyric,오,FF 05 EC 98 A4,01:01:12:23,70020
037:02:437,1,1,Note,F4,071 000 217,90 41 47,01:01:12:23,70037
037:03:178,1,1,Note,Ab4,081 000 174,90 44 51,01:01:13:04,70258
037:03:180,1,,Meta Event,Lyric,며^,FF 05 EB A9 B0 5E,01:01:13:04,70260
037:03:356,1,1,Note,A4,072 000 280,90 45 48,01:01:13:09,70436
037:03:360,1,,Meta Event,Lyric,언,FF 05 EC 96 B8,01:01:13:09,70440
037:04:160,1,1,Note,G4,080 000 195,90 43 50,01:01:13:16,70720
037:04:180,1,,Meta Event,Lyric,오,FF 05 EC 98 A4,01:01:13:17,70740
037:04:359,1,1,Note,G4,081 000 180,90 43 51,01:01:13:21,70919
037:04:360,1,,Meta Event,Lyric,올,FF 05 EC 98 AC,01:01:13:21,70920
038:01:060,1,,Meta Event,Lyric,수,FF 05 EC 88 98,01:01:14:01,71100
038:01:063,1,1,Note,D4,060 000 373,90 3E 3C,01:01:14:01,71103
038:01:420,1,,Meta Event,Lyric,로^,FF 05 EB A1 9C 5E,01:01:14:10,71460
038:01:440,1,1,Note,E4,075 000 170,90 40 4B,01:01:14:11,71480
038:02:120,1,,Meta Event,Lyric,옥,FF 05 EC 98 A5,01:01:14:15,71640
038:02:134,1,1,Note,Gb4,078 000 375,90 42 4E,01:01:14:15,71654
038:03:033,1,1,Note,C7,028 000 310,90 60 1C,01:01:15:00,72033
038:03:347,1,1,Note,D4,073 000 269,90 3E 49,01:01:15:09,72347
038:03:360,1,,Meta Event,Lyric,내,FF 05 EB 82 B4,01:01:15:09,72360
038:04:120,1,,Meta Event,Lyric,심,FF 05 EC 8B AC,01:01:15:15,72600
038:04:140,1,1,Note,C4,057 000 283,90 3C 39,01:01:15:16,72620
038:04:420,1,,Meta Event,Lyric,장,FF 05 EC 9E A5,01:01:15:23,72900
038:04:427,1,1,Note,Bb3,070 000 225,90 3A 46,01:01:15:23,72907
039:01:176,1,1,Note,D4,068 000 190,90 3E 44,01:01:16:04,73136
039:01:180,1,,Meta Event,Lyric,을,FF 05 EC 9D 84,01:01:16:04,73140
039:01:360,1,,Meta Event,Lyric,타,FF 05 ED 83 80,01:01:16:09,73320
039:01:370,1,1,Note,Ab4,087 000 299,90 44 57,01:01:16:09,73330
039:02:180,1,,Meta Event,Lyric,고,FF 05 EA B3 A0,01:01:16:17,73620
039:02:193,1,1,Note,G4,102 000 177,90 43 66,01:01:16:17,73633
039:02:360,1,,Meta Event,Lyric,오,FF 05 EC 98 A4,01:01:16:21,73800
039:02:374,1,1,Note,G4,093 000 280,90 43 5D,01:01:16:22,73814
039:03:178,1,1,Note,C7,036 000 246,90 60 24,01:01:17:04,74098
039:03:420,1,,Meta Event,Lyric,올,FF 05 EC 98 AC,01:01:17:10,74340
039:03:428,1,1,Note,E4,080 000 250,90 40 50,01:01:17:11,74348
039:04:180,1,,Meta Event,Lyric,라,FF 05 EB 9D BC,01:01:17:17,74580
039:04:202,1,1,Note,D4,093 000 231,90 3E 5D,01:01:17:17,74602
039:04:420,1,,Meta Event,Lyric,오,FF 05 EC 98 A4,01:01:17:23,74820
039:04:437,1,1,Note,Db4,075 000 244,90 3D 4B,01:01:17:23,74837
040:01:180,1,,Meta Event,Lyric,는,FF 05 EB 8A 94,01:01:18:04,75060
040:01:205,1,1,Note,E4,073 000 234,90 40 49,01:01:18:05,75085
040:01:420,1,,Meta Event,Lyric,니^,FF 05 EB 8B 88 5E,01:01:18:10,75300
040:01:443,1,1,Note,Ab4,088 000 93,90 44 58,01:01:18:11,75323
040:02:060,1,,Meta Event,Lyric,이,FF 05 EC 9D B4,01:01:18:14,75420
040:02:060,1,1,Note,Bb4,090 000 124,90 46 5A,01:01:18:14,75420
040:02:180,1,,Meta Event,Lyric,가,FF 05 EA B0 80,01:01:18:17,75540
040:02:188,1,1,Note,A4,106 000 197,90 45 6A,01:01:18:17,75548
040:02:360,1,,Meta Event,Lyric,암,FF 05 EC 95 94,01:01:18:21,75720
040:02:389,1,1,Note,A4,101 000 253,90 45 65,01:01:18:22,75749
040:03:166,1,1,Note,D5,090 000 276,90 4A 5A,01:01:19:04,76006
040:03:180,1,,Meta Event,Lyric,정,FF 05 EC A0 95,01:01:19:04,76020
040:03:420,1,,Meta Event,Lyric,이,FF 05 EC 9D B4,01:01:19:10,76260
040:03:446,1,1,Note,A4,068 000 274,90 45 44,01:01:19:11,76286
040:04:240,1,,Meta Event,Lyric,나^,FF 05 EB 82 98 5E,01:01:19:18,76560
040:04:244,1,1,Note,A4,103 000 147,90 45 67,01:01:19:18,76564
040:04:395,1,1,Note,B4,103 000 279,90 47 67,01:01:19:22,76715
040:04:420,1,,Meta Event,Lyric,아,FF 05 EC 95 84,01:01:19:23,76740
041:01:180,1,,Meta Event,Lyric,를,FF 05 EB A5 BC,01:01:20:04,76980
041:01:198,1,1,Note,G4,077 000 198,90 43 4D,01:01:20:05,76998
041:01:400,1,1,Note,D4,059 000 249,90 3E 3B,01:01:20:10,77200
041:01:420,1,,Meta Event,Lyric,지,FF 05 EC A7 80,01:01:20:10,77220
041:02:173,1,1,Note,D4,085 000 224,90 3E 55,01:01:20:17,77453
041:02:180,1,,Meta Event,Lyric,배^,FF 05 EB B0 B0 5E,01:01:20:17,77460
041:02:401,1,1,Note,E4,088 000 221,90 40 58,01:01:20:22,77681
041:02:420,1,,Meta Event,Lyric,애,FF 05 EC 95 A0,01:01:20:23,77700
041:03:120,1,,Meta Event,Lyric,하,FF 05 ED 95 98,01:01:21:03,77880
041:03:146,1,1,Note,Gb4,100 000 281,90 42 64,01:01:21:03,77906
041:03:420,1,,Meta Event,Lyric,는,FF 05 EB 8A 94,01:01:21:10,78180
041:03:431,1,1,Note,G4,067 000 257,90 43 43,01:01:21:11,78191
041:04:212,1,1,Note,G4,112 000 151,90 43 70,01:01:21:18,78452
041:04:240,1,,Meta Event,Lyric,거^,FF 05 EA B1 B0 5E,01:01:21:18,78480
041:04:360,1,,Meta Event,Lyric,어,FF 05 EC 96 B4,01:01:21:21,78600
041:04:367,1,1,Note,A4,125 000 442,90 45 7D,01:01:21:22,78607
042:01:333,1,1,Note,A4,105 000 1173,90 45 69,01:01:22:08,79053
042:01:360,1,,Meta Event,Lyric,얼~,FF 05 EC 96 BC 7E,01:01:22:09,79080
042:04:070,1,1,Note,C7,024 000 852,90 60 18,01:01:23:14,80230
043:01:420,1,,Meta Event,Lyric,게,FF 05 EA B2 8C,01:01:24:10,81060
043:01:446,1,1,Note,G4,090 000 143,90 43 5A,01:01:24:11,81086
043:02:113,1,1,Note,A4,081 000 140,90 45 51,01:01:24:15,81233
043:02:120,1,,Meta Event,Lyric,임,FF 05 EC 9E 84,01:01:24:15,81240
043:02:240,1,,Meta Event,Lyric,은,FF 05 EC 9D 80,01:01:24:18,81360
043:02:257,1,1,Note,A4,089 000 135,90 45 59,01:01:24:19,81377
043:02:396,1,1,Note,A4,067 000 162,90 45 43,01:01:24:22,81516
043:02:420,1,,Meta Event,Lyric,시,FF 05 EC 8B 9C,01:01:24:23,81540
043:03:060,1,,Meta Event,Lyric,작,FF 05 EC 9E 91,01:01:25:01,81660
043:03:082,1,1,Note,A4,086 000 174,90 45 56,01:01:25:02,81682
043:03:240,1,,Meta Event,Lyric,돼^,FF 05 EB 8F BC 5E,01:01:25:06,81840
043:03:260,1,1,Note,A4,091 000 167,90 45 5B,01:01:25:06,81860
043:03:420,1,,Meta Event,Lyric,앴,FF 05 EC 95 B4,01:01:25:10,82020
043:03:431,1,1,Note,Bb4,104 000 160,90 46 68,01:01:25:11,82031
043:04:115,1,1,Note,A4,079 000 235,90 45 4F,01:01:25:15,82195
043:04:120,1,,Meta Event,Lyric,지,FF 05 EC A7 80,01:01:25:15,82200
043:04:354,1,1,Note,G4,101 000 197,90 43 65,01:01:25:21,82434
043:04:360,1,,Meta Event,Lyric,나,FF 05 EB 82 98,01:01:25:21,82440
044:01:060,1,,Meta Event,Lyric,랑,FF 05 EB 9E 91,01:01:26:01,82620
044:01:075,1,1,Note,A4,095 000 221,90 45 5F,01:01:26:01,82635
044:01:300,1,1,Note,A4,096 000 123,90 45 60,01:01:26:07,82860
044:01:300,1,,Meta Event,Lyric,노^,FF 05 EB 85 B8 5E,01:01:26:07,82860
044:01:420,1,,Meta Event,Lyric,올,FF 05 EC 98 AC,01:01:26:10,82980
044:01:427,1,1,Note,Bb4,103 000 208,90 46 67,01:01:26:11,82987
044:02:159,1,1,Note,A4,114 000 126,90 45 72,01:01:26:16,83199
044:02:180,1,,Meta Event,Lyric,래,FF 05 EB 9E 98,01:01:26:17,83220
044:02:289,1,1,Note,A4,093 000 313,90 45 5D,01:01:26:20,83329
044:02:300,1,,Meta Event,Lyric,애,FF 05 EC 95 A0,01:01:26:20,83340
044:04:441,1,1,Note,C7,030 000 398,90 60 1E,01:01:27:23,84441
045:01:420,1,,Meta Event,Lyric,끝,FF 05 EB 81 9D,01:01:28:10,84900
045:01:437,1,1,Note,A4,057 000 162,90 45 39,01:01:28:11,84917
045:02:120,1,,Meta Event,Lyric,까,FF 05 EA B9 8C,01:01:28:15,85080
045:02:123,1,1,Note,A4,097 000 297,90 45 61,01:01:28:15,85083
045:02:420,1,,Meta Event,Lyric,지,FF 05 EC A7 80,01:01:28:23,85380
045:02:425,1,1,Note,G4,066 000 113,90 43 42,01:01:28:23,85385
045:03:060,1,,Meta Event,Lyric,쪼,FF 05 EC AA BC,01:01:29:01,85500
045:03:062,1,1,Note,Bb4,086 000 194,90 46 56,01:01:29:01,85502
045:03:240,1,,Meta Event,Lyric,차^,FF 05 EC B0 A8 5E,01:01:29:06,85680
045:03:260,1,1,Note,Ab4,095 000 231,90 44 5F,01:01:29:06,85700
045:04:000,1,,Meta Event,Lyric,아,FF 05 EC 95 84,01:01:29:12,85920
045:04:015,1,1,Note,Bb4,107 000 167,90 46 6B,01:01:29:12,85935
045:04:180,1,,Meta Event,Lyric,가,FF 05 EA B0 80,01:01:29:17,86100
045:04:186,1,1,Note,A4,101 000 218,90 45 65,01:01:29:17,86106
045:04:408,1,1,Note,G4,093 000 159,90 43 5D,01:01:29:23,86328
045:04:420,1,,Meta Event,Lyric,너,FF 05 EB 84 88,01:01:29:23,86340
046:01:091,1,1,Note,A4,088 000 180,90 45 58,01:01:30:02,86491
046:01:120,1,,Meta Event,Lyric,는,FF 05 EB 8A 94,01:01:30:03,86520
046:01:275,1,1,Note,A4,077 000 209,90 45 4D,01:01:30:07,86675
046:01:300,1,,Meta Event,Lyric,수^,FF 05 EC 88 98 5E,01:01:30:07,86700
046:02:000,1,,Meta Event,Lyric,울,FF 05 EC 9A B8,01:01:30:12,86880
046:02:008,1,1,Note,Bb4,091 000 181,90 46 5B,01:01:30:12,86888
046:02:180,1,,Meta Event,Lyric,래,FF 05 EB 9E 98,01:01:30:17,87060
046:02:193,1,1,Note,A4,108 000 244,90 45 6C,01:01:30:17,87073
046:02:441,1,1,Note,C7,030 000 395,90 60 1E,01:01:30:23,87321
046:03:360,1,,Meta Event,Lyric,마,FF 05 EB A7 88,01:01:31:09,87720
046:03:360,1,1,Note,A4,086 000 197,90 45 56,01:01:31:09,87720
046:04:060,1,,Meta Event,Lyric,음,FF 05 EC 9D 8C,01:01:31:14,87900
046:04:081,1,1,Note,C5,091 000 153,90 48 5B,01:01:31:14,87921
046:04:238,1,1,Note,C5,094 000 235,90 48 5E,01:01:31:18,88078
046:04:240,1,,Meta Event,Lyric,소^,FF 05 EC 86 8C 5E,01:01:31:18,88080
046:04:477,1,1,Note,D5,105 000 157,90 4A 69,01:01:31:24,88317
047:01:000,1,,Meta Event,Lyric,오,FF 05 EC 98 A4,01:01:32:00,88320
047:01:158,1,1,Note,D5,095 000 244,90 4A 5F,01:01:32:04,88478
047:01:180,1,,Meta Event,Lyric,옥,FF 05 EC 98 A5,01:01:32:04,88500
047:01:406,1,1,Note,Db5,085 000 140,90 49 55,01:01:32:10,88726
047:01:420,1,,Meta Event,Lyric,기^,FF 05 EA B8 B0 5E,01:01:32:10,88740
047:02:060,1,,Meta Event,Lyric,이,FF 05 EC 9D B4,01:01:32:14,88860
047:02:070,1,1,Note,D5,083 000 97,90 4A 53,01:01:32:14,88870
047:02:171,1,1,Note,C5,078 000 301,90 48 4E,01:01:32:16,88971
047:02:180,1,,Meta Event,Lyric,프,FF 05 ED 94 84,01:01:32:17,88980
047:02:476,1,1,Note,C5,070 000 425,90 48 46,01:01:32:24,89276
047:03:000,1,,Meta Event,Lyric,은,FF 05 EC 9D 80,01:01:33:00,89280
047:03:420,1,,Meta Event,Lyric,고^,FF 05 EA B3 A0 5E,01:01:33:10,89700
047:03:425,1,1,Note,C5,092 000 100,90 48 5C,01:01:33:11,89705
047:04:049,1,1,Note,D5,082 000 118,90 4A 52,01:01:33:13,89809
047:04:060,1,,Meta Event,Lyric,오,FF 05 EC 98 A4,01:01:33:14,89820
047:04:171,1,1,Note,Ab4,089 000 260,90 44 59,01:01:33:16,89931
047:04:180,1,,Meta Event,Lyric,세^,FF 05 EC 84 B8 5E,01:01:33:17,89940
047:04:420,1,,Meta Event,Lyric,에,FF 05 EC 97 90,01:01:33:23,90180
047:04:435,1,1,Note,A4,101 000 413,90 45 65,01:01:33:23,90195
048:01:372,1,1,Note,C7,037 000 244,90 60 25,01:01:34:09,90612
048:02:120,1,,Meta Event,Lyric,숨,FF 05 EC 88 A8,01:01:34:15,90840
048:02:140,1,1,Note,A4,067 000 298,90 45 43,01:01:34:16,90860
048:02:420,1,,Meta Event,Lyric,겨^,FF 05 EA B2 A8 5E,01:01:34:23,91140
048:02:442,1,1,Note,Ab4,095 000 103,90 44 5F,01:01:34:24,91162
048:03:060,1,,Meta Event,Lyric,어,FF 05 EC 96 B4,01:01:35:01,91260
048:03:069,1,1,Note,Bb4,109 000 128,90 46 6D,01:01:35:01,91269
048:03:180,1,,Meta Event,Lyric,둔,FF 05 EB 91 94,01:01:35:04,91380
048:03:201,1,1,Note,A4,068 000 234,90 45 44,01:01:35:05,91401
048:03:420,1,,Meta Event,Lyric,맘,FF 05 EB A7 98,01:01:35:10,91620
048:03:439,1,1,Note,G4,095 000 233,90 43 5F,01:01:35:11,91639
048:04:180,1,,Meta Event,Lyric,을,FF 05 EC 9D 84,01:01:35:17,91860
048:04:196,1,1,Note,F4,082 000 183,90 41 52,01:01:35:17,91876
048:04:360,1,,Meta Event,Lyric,요^,FF 05 EC 9A 94 5E,01:01:35:21,92040
048:04:383,1,1,Note,Ab4,079 000 157,90 44 4F,01:01:35:22,92063
049:01:060,1,,Meta Event,Lyric,옹,FF 05 EC 98 B9,01:01:36:01,92220
049:01:064,1,1,Note,A4,067 000 155,90 45 43,01:01:36:01,92224
049:01:223,1,1,Note,A4,079 000 233,90 45 4F,01:01:36:05,92383
049:01:240,1,,Meta Event,Lyric,기,FF 05 EA B8 B0,01:01:36:06,92400
049:01:460,1,1,Note,F4,100 000 196,90 41 64,01:01:36:11,92620
049:02:000,1,,Meta Event,Lyric,내,FF 05 EB 82 B4,01:01:36:12,92640
049:02:180,1,,Meta Event,Lyric,서,FF 05 EC 84 9C,01:01:36:17,92820
049:02:180,1,1,Note,F4,073 000 209,90 41 49,01:01:36:17,92820
049:02:393,1,1,Note,D4,063 000 294,90 3E 3F,01:01:36:22,93033
049:02:420,1,,Meta Event,Lyric,전,FF 05 EC A0 84,01:01:36:23,93060
049:03:211,1,1,Note,C7,032 000 195,90 60 20,01:01:37:05,93331
049:03:410,1,1,Note,Ab4,086 000 180,90 44 56,01:01:37:10,93530
049:03:420,1,,Meta Event,Lyric,해^,FF 05 ED 95 B4 5E,01:01:37:10,93540
049:04:114,1,1,Note,A4,096 000 90,90 45 60,01:01:37:15,93714
049:04:120,1,,Meta Event,Lyric,애,FF 05 EC 95 A0,01:01:37:15,93720
049:04:180,1,,Meta Event,Lyric,주,FF 05 EC A3 BC,01:01:37:17,93780
049:04:208,1,1,Note,G4,084 000 227,90 43 54,01:01:37:17,93808
049:04:420,1,,Meta Event,Lyric,울,FF 05 EC 9A B8,01:01:37:23,94020
049:04:439,1,1,Note,G4,087 000 170,90 43 57,01:01:37:23,94039
050:01:120,1,,Meta Event,Lyric,세,FF 05 EC 84 B8,01:01:38:03,94200
050:01:133,1,1,Note,G4,070 000 202,90 43 46,01:01:38:03,94213
050:01:339,1,1,Note,D4,076 000 227,90 3E 4C,01:01:38:08,94419
050:01:360,1,,Meta Event,Lyric,사,FF 05 EC 82 AC,01:01:38:09,94440
050:02:060,1,,Meta Event,Lyric,앙,FF 05 EC 95 99,01:01:38:14,94620
050:02:090,1,1,Note,D4,068 000 278,90 3E 44,01:01:38:14,94650
050:02:372,1,1,Note,C7,031 000 239,90 60 1F,01:01:38:22,94932
050:03:120,1,,Meta Event,Lyric,마^,FF 05 EB A7 88 5E,01:01:39:03,95160
050:03:135,1,1,Note,Ab4,085 000 158,90 44 55,01:01:39:03,95175
050:03:297,1,1,Note,A4,095 000 115,90 45 5F,01:01:39:07,95337
050:03:300,1,,Meta Event,Lyric,아,FF 05 EC 95 84,01:01:39:07,95340
050:03:416,1,1,Note,G4,082 000 236,90 43 52,01:01:39:10,95456
050:03:420,1,,Meta Event,Lyric,지,FF 05 EC A7 80,01:01:39:10,95460
050:04:176,1,1,Note,F4,084 000 167,90 41 54,01:01:39:17,95696
050:04:180,1,,Meta Event,Lyric,막,FF 05 EB A7 89,01:01:39:17,95700
050:04:347,1,1,Note,G4,081 000 305,90 43 51,01:01:39:21,95867
050:04:360,1,,Meta Event,Lyric,시^,FF 05 EC 8B 9C 5E,01:01:39:21,95880
051:01:176,1,1,Note,A4,088 000 1411,90 45 58,01:01:40:04,96176
051:01:180,1,,Meta Event,Lyric,이,FF 05 EC 9D B4,01:01:40:04,96180
051:04:151,1,1,Note,C5,098 000 194,90 48 62,01:01:41:16,97591
051:04:180,1,,Meta Event,Lyric,가,FF 05 EA B0 80,01:01:41:17,97620
051:04:349,1,1,Note,C5,096 000 204,90 48 60,01:01:41:21,97789
051:04:360,1,,Meta Event,Lyric,안,FF 05 EC 95 88,01:01:41:21,97800
052:01:077,1,1,Note,C7,033 000 552,90 60 21,01:01:42:02,97997
052:02:153,1,1,Note,A4,083 000 275,90 45 53,01:01:42:16,98553
052:02:180,1,,Meta Event,Lyric,출,FF 05 EC B6 9C,01:01:42:17,98580
052:02:420,1,,Meta Event,Lyric,구,FF 05 EA B5 AC,01:01:42:23,98820
052:02:432,1,1,Note,Bb4,094 000 129,90 46 5E,01:01:42:23,98832
052:03:060,1,,Meta Event,Lyric,도,FF 05 EB 8F 84,01:01:43:01,98940
052:03:085,1,1,Note,A4,097 000 197,90 45 61,01:01:43:02,98965
052:03:286,1,1,Note,G4,087 000 263,90 43 57,01:01:43:07,99166
052:03:300,1,,Meta Event,Lyric,없,FF 05 EC 97 86,01:01:43:07,99180
052:04:060,1,,Meta Event,Lyric,는,FF 05 EB 8A 94,01:01:43:14,99420
052:04:073,1,1,Note,F4,076 000 263,90 41 4C,01:01:43:14,99433
052:04:340,1,1,Note,G4,110 000 185,90 43 6E,01:01:43:21,99700
052:04:360,1,,Meta Event,Lyric,매^,FF 05 EB A7 A4 5E,01:01:43:21,99720
053:01:049,1,1,Note,A4,102 000 1563,90 45 66,01:01:44:01,99889
053:01:060,1,,Meta Event,Lyric,애,FF 05 EC 95 A0,01:01:44:01,99900
053:04:176,1,1,Note,C5,080 000 200,90 48 50,01:01:45:17,101456
053:04:180,1,,Meta Event,Lyric,지,FF 05 EC A7 80,01:01:45:17,101460
053:04:360,1,,Meta Event,Lyric,익,FF 05 EC 9D B5,01:01:45:21,101640
053:04:380,1,1,Note,C5,085 000 194,90 48 55,01:01:45:22,101660
054:01:098,1,1,Note,C7,026 000 1279,90 60 1A,01:01:46:02,101858
054:03:420,1,,Meta Event,Lyric,떨,FF 05 EB 96 A8,01:01:47:10,103140
054:03:421,1,1,Note,A4,092 000 165,90 45 5C,01:01:47:10,103141
054:04:110,1,1,Note,C5,102 000 211,90 48 66,01:01:47:15,103310
054:04:120,1,,Meta Event,Lyric,리,FF 05 EB A6 AC,01:01:47:15,103320
054:04:300,1,,Meta Event,Lyric,느^,FF 05 EB 8A 90 5E,01:01:47:20,103500
054:04:325,1,1,Note,Db5,092 000 177,90 49 5C,01:01:47:20,103525
055:01:000,1,,Meta Event,Lyric,은,FF 05 EC 9D 80,01:01:48:00,103680
055:01:026,1,1,Note,D5,093 000 441,90 4A 5D,01:01:48:00,103706
055:01:471,1,1,Note,Db5,081 000 81,90 49 51,01:01:48:12,104151
055:02:000,1,,Meta Event,Lyric,이^,FF 05 EC 9D B4 5E,01:01:48:12,104160
055:02:060,1,,Meta Event,Lyric,입,FF 05 EC 9E 85,01:01:48:14,104220
055:02:076,1,1,Note,D5,078 000 116,90 4A 4E,01:01:48:14,104236
055:02:180,1,,Meta Event,Lyric,수,FF 05 EC 88 98,01:01:48:17,104340
055:02:196,1,1,Note,C5,096 000 292,90 48 60,01:01:48:17,104356
055:03:000,1,,Meta Event,Lyric,울,FF 05 EC 9A B8,01:01:49:00,104640
055:03:012,1,1,Note,C5,095 000 430,90 48 5F,01:01:49:00,104652
055:03:420,1,,Meta Event,Lyric,끄,FF 05 EB 81 84,01:01:49:10,105060
055:03:446,1,1,Note,D5,066 000 222,90 4A 42,01:01:49:11,105086
055:04:180,1,,Meta Event,Lyric,테^,FF 05 ED 85 8C 5E,01:01:49:17,105300
055:04:192,1,1,Note,G4,098 000 248,90 43 62,01:01:49:17,105312
055:04:420,1,,Meta Event,Lyric,에,FF 05 EC 97 90,01:01:49:23,105540
055:04:444,1,1,Note,A4,108 000 419,90 45 6C,01:01:49:24,105564
056:01:387,1,1,Note,C7,032 000 178,90 60 20,01:01:50:10,105987
056:02:060,1,,Meta Event,Lyric,숨,FF 05 EC 88 A8,01:01:50:14,106140
056:02:089,1,1,Note,A4,064 000 354,90 45 40,01:01:50:14,106169
056:02:420,1,,Meta Event,Lyric,겨,FF 05 EA B2 A8,01:01:50:23,106500
056:02:447,1,1,Note,Bb4,088 000 121,90 46 58,01:01:50:24,106527
056:03:092,1,1,Note,A4,070 000 232,90 45 46,01:01:51:02,106652
056:03:120,1,,Meta Event,Lyric,둔,FF 05 EB 91 94,01:01:51:03,106680
056:03:300,1,,Meta Event,Lyric,말,FF 05 EB A7 90,01:01:51:07,106860
056:03:328,1,1,Note,G4,092 000 245,90 43 5C,01:01:51:08,106888
056:04:097,1,1,Note,F4,077 000 147,90 41 4D,01:01:51:15,107137
056:04:120,1,,Meta Event,Lyric,으,FF 05 EC 9C BC,01:01:51:15,107160
056:04:240,1,,Meta Event,Lyric,을,FF 05 EC 9D 84,01:01:51:18,107280
056:04:248,1,1,Note,F4,070 000 219,90 41 46,01:01:51:18,107288
056:04:471,1,1,Note,G4,092 000 112,90 43 5C,01:01:51:24,107511
057:01:000,1,,Meta Event,Lyric,너^,FF 05 EB 84 88 5E,01:01:52:00,107520
057:01:107,1,1,Note,A4,091 000 143,90 45 5B,01:01:52:02,107627
057:01:120,1,,Meta Event,Lyric,어,FF 05 EC 96 B4,01:01:52:03,107640
057:01:240,1,,Meta Event,Lyric,에,FF 05 EC 97 90,01:01:52:06,107760
057:01:254,1,1,Note,A4,093 000 191,90 45 5D,01:01:52:06,107774
057:01:420,1,,Meta Event,Lyric,게,FF 05 EA B2 8C,01:01:52:10,107940
057:01:449,1,1,Note,F4,073 000 178,90 41 49,01:01:52:11,107969
057:02:151,1,1,Note,F4,066 000 162,90 41 42,01:01:52:16,108151
057:02:180,1,,Meta Event,Lyric,속,FF 05 EC 86 8D,01:01:52:17,108180
057:02:300,1,,Meta Event,Lyric,사,FF 05 EC 82 AC,01:01:52:20,108300
057:02:317,1,1,Note,D4,067 000 369,90 3E 43,01:01:52:20,108317
057:03:210,1,1,Note,C7,028 000 186,90 60 1C,01:01:53:05,108690
057:03:400,1,1,Note,G4,081 000 155,90 43 51,01:01:53:10,108880
057:03:420,1,,Meta Event,Lyric,겨^,FF 05 EA B2 A8 5E,01:01:53:10,108900
057:04:060,1,,Meta Event,Lyric,어,FF 05 EC 96 B4,01:01:53:14,109020
057:04:079,1,1,Note,A4,094 000 89,90 45 5E,01:01:53:14,109039
057:04:172,1,1,Note,G4,080 000 168,90 43 50,01:01:53:16,109132
057:04:180,1,,Meta Event,Lyric,주,FF 05 EC A3 BC,01:01:53:17,109140
057:04:344,1,1,Note,G4,081 000 286,90 43 51,01:01:53:21,109304
057:04:360,1,,Meta Event,Lyric,울,FF 05 EC 9A B8,01:01:53:21,109320
058:01:154,1,1,Note,G4,056 000 118,90 43 38,01:01:54:04,109594
058:01:180,1,,Meta Event,Lyric,이^,FF 05 EC 9D B4 5E,01:01:54:04,109620
058:01:276,1,1,Note,A4,059 000 119,90 45 3B,01:01:54:07,109716
058:01:300,1,,Meta Event,Lyric,이,FF 05 EC 9D B4,01:01:54:07,109740
058:01:399,1,1,Note,D4,070 000 229,90 3E 46,01:01:54:10,109839
058:01:420,1,,Meta Event,Lyric,바,FF 05 EB B0 94,01:01:54:10,109860
058:02:152,1,1,Note,D4,060 000 227,90 3E 3C,01:01:54:16,110072
058:02:180,1,,Meta Event,Lyric,암,FF 05 EC 95 94,01:01:54:17,110100
058:02:383,1,1,Note,C7,032 000 229,90 60 20,01:01:54:22,110303
058:03:120,1,,Meta Event,Lyric,마^,FF 05 EB A7 88 5E,01:01:55:03,110520
058:03:136,1,1,Note,Ab4,083 000 136,90 44 53,01:01:55:03,110536
058:03:276,1,1,Note,A4,095 000 140,90 45 5F,01:01:55:07,110676
058:03:300,1,,Meta Event,Lyric,아,FF 05 EC 95 84,01:01:55:07,110700
058:03:420,1,,Meta Event,Lyric,지,FF 05 EC A7 80,01:01:55:10,110820
058:03:420,1,1,Note,G4,082 000 227,90 43 52,01:01:55:10,110820
058:04:171,1,1,Note,F4,084 000 172,90 41 54,01:01:55:16,111051
058:04:180,1,,Meta Event,Lyric,막,FF 05 EB A7 89,01:01:55:17,111060
058:04:347,1,1,Note,G4,081 000 310,90 43 51,01:01:55:21,111227
058:04:360,1,,Meta Event,Lyric,시^,FF 05 EC 8B 9C 5E,01:01:55:21,111240
059:01:180,1,,Meta Event,Lyric,이,FF 05 EC 9D B4,01:01:56:04,111540
059:01:180,1,1,Note,A4,088 000 1408,90 45 58,01:01:56:04,111540
059:04:152,1,1,Note,C5,099 000 212,90 48 63,01:01:57:16,112952
059:04:180,1,,Meta Event,Lyric,가,FF 05 EA B0 80,01:01:57:17,112980
059:04:360,1,,Meta Event,Lyric,안,FF 05 EC 95 88,01:01:57:21,113160
059:04:368,1,1,Note,C5,095 000 190,90 48 5F,01:01:57:22,113168
060:01:082,1,1,Note,C7,033 000 527,90 60 21,01:01:58:02,113362
060:02:120,1,,Meta Event,Lyric,출,FF 05 EC B6 9C,01:01:58:15,113880
060:02:133,1,1,Note,A4,082 000 296,90 45 52,01:01:58:15,113893
060:02:420,1,,Meta Event,Lyric,구,FF 05 EA B5 AC,01:01:58:23,114180
060:02:433,1,1,Note,Bb4,093 000 132,90 46 5D,01:01:58:23,114193
060:03:060,1,,Meta Event,Lyric,도,FF 05 EB 8F 84,01:01:59:01,114300
060:03:089,1,1,Note,A4,098 000 187,90 45 62,01:01:59:02,114329
060:03:280,1,1,Note,G4,086 000 294,90 43 56,01:01:59:07,114520
060:03:300,1,,Meta Event,Lyric,없,FF 05 EC 97 86,01:01:59:07,114540
060:04:098,1,1,Note,F4,077 000 233,90 41 4D,01:01:59:15,114818
060:04:120,1,,Meta Event,Lyric,는,FF 05 EB 8A 94,01:01:59:15,114840
060:04:335,1,1,Note,G4,110 000 168,90 43 6E,01:01:59:21,115055
060:04:360,1,,Meta Event,Lyric,매^,FF 05 EB A7 A4 5E,01:01:59:21,115080
061:01:000,1,,Meta Event,Lyric,애,FF 05 EC 95 A0,01:02:00:00,115200
061:01:027,1,1,Note,A4,103 000 1570,90 45 67,01:02:00:00,115227
061:04:161,1,1,Note,C5,079 000 213,90 48 4F,01:02:01:16,116801
061:04:180,1,,Meta Event,Lyric,지,FF 05 EC A7 80,01:02:01:17,116820
061:04:360,1,,Meta Event,Lyric,익,FF 05 EC 9D B5,01:02:01:21,117000
061:04:378,1,1,Note,C5,087 000 181,90 48 57,01:02:01:22,117018
062:01:083,1,1,Note,C7,029 000 194,90 60 1D,01:02:02:02,117203
062:03:410,1,1,Note,A4,090 000 181,90 45 5A,01:02:03:10,118490
062:03:420,1,,Meta Event,Lyric,떨,FF 05 EB 96 A8,01:02:03:10,118500
062:04:115,1,1,Note,C5,102 000 207,90 48 66,01:02:03:15,118675
062:04:120,1,,Meta Event,Lyric,리,FF 05 EB A6 AC,01:02:03:15,118680
062:04:300,1,,Meta Event,Lyric,느^,FF 05 EB 8A 90 5E,01:02:03:20,118860
062:04:326,1,1,Note,Db5,092 000 181,90 49 5C,01:02:03:20,118886
063:01:031,1,1,Note,D5,093 000 435,90 4A 5D,01:02:04:00,119071
063:01:060,1,,Meta Event,Lyric,은,FF 05 EC 9D 80,01:02:04:01,119100
063:01:470,1,1,Note,Db5,081 000 87,90 49 51,01:02:04:12,119510
063:02:000,1,,Meta Event,Lyric,이^,FF 05 EC 9D B4 5E,01:02:04:12,119520
063:02:060,1,,Meta Event,Lyric,입,FF 05 EC 9E 85,01:02:04:14,119580
063:02:081,1,1,Note,D5,081 000 91,90 4A 51,01:02:04:14,119601
063:02:176,1,1,Note,C5,095 000 344,90 48 5F,01:02:04:17,119696
063:02:180,1,,Meta Event,Lyric,수,FF 05 EC 88 98,01:02:04:17,119700
063:03:044,1,1,Note,C5,095 000 382,90 48 5F,01:02:05:01,120044
063:03:060,1,,Meta Event,Lyric,울,FF 05 EC 9A B8,01:02:05:01,120060
063:03:420,1,,Meta Event,Lyric,끄,FF 05 EB 81 84,01:02:05:10,120420
063:03:430,1,1,Note,Db5,067 000 218,90 49 43,01:02:05:11,120430
063:04:172,1,1,Note,G4,097 000 273,90 43 61,01:02:05:16,120652
063:04:180,1,,Meta Event,Lyric,테^,FF 05 ED 85 8C 5E,01:02:05:17,120660
063:04:420,1,,Meta Event,Lyric,에,FF 05 EC 97 90,01:02:05:23,120900
063:04:449,1,1,Note,A4,108 000 414,90 45 6C,01:02:05:24,120929
064:01:387,1,1,Note,C7,031 000 185,90 60 1F,01:02:06:10,121347
064:02:096,1,1,Note,A4,065 000 352,90 45 41,01:02:06:15,121536
064:02:120,1,,Meta Event,Lyric,숨,FF 05 EC 88 A8,01:02:06:15,121560
064:02:452,1,1,Note,Bb4,088 000 117,90 46 58,01:02:06:24,121892
064:03:000,1,,Meta Event,Lyric,겨,FF 05 EA B2 A8,01:02:07:00,121920
064:03:093,1,1,Note,A4,070 000 232,90 45 46,01:02:07:02,122013
064:03:120,1,,Meta Event,Lyric,둔,FF 05 EB 91 94,01:02:07:03,122040
064:03:300,1,,Meta Event,Lyric,나,FF 05 EB 82 98,01:02:07:07,122220
064:03:329,1,1,Note,G4,093 000 239,90 43 5D,01:02:07:08,122249
064:04:092,1,1,Note,F4,076 000 134,90 41 4C,01:02:07:14,122492
064:04:120,1,,Meta Event,Lyric,르,FF 05 EB A5 B4,01:02:07:15,122520
064:04:230,1,1,Note,F4,072 000 209,90 41 48,01:02:07:18,122630
064:04:240,1,,Meta Event,Lyric,을,FF 05 EC 9D 84,01:02:07:18,122640
064:04:420,1,,Meta Event,Lyric,너^,FF 05 EB 84 88 5E,01:02:07:23,122820
064:04:443,1,1,Note,G4,088 000 152,90 43 58,01:02:07:24,122843
065:01:119,1,1,Note,A4,091 000 123,90 45 5B,01:02:08:03,122999
065:01:120,1,,Meta Event,Lyric,어,FF 05 EC 96 B4,01:02:08:03,123000
065:01:240,1,,Meta Event,Lyric,에,FF 05 EC 97 90,01:02:08:06,123120
065:01:246,1,1,Note,A4,093 000 203,90 45 5D,01:02:08:06,123126
065:01:453,1,1,Note,F4,073 000 178,90 41 49,01:02:08:11,123333
065:02:000,1,,Meta Event,Lyric,게,FF 05 EA B2 8C,01:02:08:12,123360
065:02:155,1,1,Note,F4,064 000 170,90 41 40,01:02:08:16,123515
065:02:180,1,,Meta Event,Lyric,속,FF 05 EC 86 8D,01:02:08:17,123540
065:02:300,1,,Meta Event,Lyric,사,FF 05 EC 82 AC,01:02:08:20,123660
065:02:329,1,1,Note,Db4,068 000 369,90 3D 44,01:02:08:21,123689
065:03:222,1,1,Note,C7,029 000 173,90 60 1D,01:02:09:05,124062
065:03:399,1,1,Note,G4,081 000 158,90 43 51,01:02:09:10,124239
065:03:420,1,,Meta Event,Lyric,겨^,FF 05 EA B2 A8 5E,01:02:09:10,124260
065:04:060,1,,Meta Event,Lyric,어,FF 05 EC 96 B4,01:02:09:14,124380
065:04:081,1,1,Note,A4,095 000 83,90 45 5F,01:02:09:14,124401
065:04:168,1,1,Note,G4,082 000 197,90 43 52,01:02:09:16,124488
065:04:180,1,,Meta Event,Lyric,주,FF 05 EC A3 BC,01:02:09:17,124500
065:04:360,1,,Meta Event,Lyric,울,FF 05 EC 9A B8,01:02:09:21,124680
065:04:369,1,1,Note,G4,080 000 258,90 43 50,01:02:09:22,124689
066:01:151,1,1,Note,G4,056 000 123,90 43 38,01:02:10:03,124951
066:01:180,1,,Meta Event,Lyric,이^,FF 05 EC 9D B4 5E,01:02:10:04,124980
066:01:278,1,1,Note,A4,058 000 121,90 45 3A,01:02:10:07,125078
066:01:300,1,,Meta Event,Lyric,이,FF 05 EC 9D B4,01:02:10:07,125100
066:01:403,1,1,Note,D4,070 000 213,90 3E 46,01:02:10:10,125203
066:01:420,1,,Meta Event,Lyric,바,FF 05 EB B0 94,01:02:10:10,125220
066:02:120,1,,Meta Event,Lyric,암,FF 05 EC 95 94,01:02:10:15,125400
066:02:140,1,1,Note,D4,058 000 297,90 3E 3A,01:02:10:16,125420