1:01:00,1,,Meta Event,Track Name,Untitled,FF 03 55 6E 74 69 74 6C 65 64,00:00:00:00,0
1:01:00,1,,Meta Event,Set Tempo,120,FF 51 07 A1 20,00:00:00:00,0
1:01:00,1,,Meta Event,Time Signature,"4/4, Click: 24, MIDI Clock: 8",FF 58 04 02 18 08,00:00:00:00,0
1:01:00,2,,Meta Event,Track Name,C394_M444__120_S14_vdata,FF 03 43 33 39 34 5F 4D 34 34 34 5F 1A 1A 1A 5F 31 32 30 5F 53 31 34 5F 76 64 61 74 61,00:00:00:00,0
1:03:49,2,1,Note,C7,025 000 284,90 60 19,00:00:00:05,169
1:08:39,2,1,Note,Db4,064 000 146,90 3D 40,00:00:00:14,459
1:08:39,2,,Meta Event,Lyric,누^,FF 05 B4 A9 5E,00:00:00:14,459
1:04:05,2,1,Note,D4,057 000 120,90 3E 39,00:00:00:18,605
1:04:05,2,,Meta Event,Lyric,우,FF 05 BF EC,00:00:00:18,605
1:06:05,2,1,Note,D4,053 000 103,90 3E 35,00:00:00:22,725
1:06:05,2,,Meta Event,Lyric,구,FF 05 B1 B8,00:00:00:22,725
1:07:48,2,1,Note,D4,053 000 144,90 3E 35,00:00:00:25,828
1:07:48,2,,Meta Event,Lyric,운,FF 05 BF EE,00:00:00:25,828
1:03:12,2,1,Note,D4,080 000 134,90 3E 50,00:00:01:00,972
1:03:12,2,,Meta Event,Lyric,가,FF 05 B0 A1,00:00:01:00,972
1:05:26,2,1,Note,D4,080 000 273,90 3E 50,00:00:01:04,1106
1:05:26,2,,Meta Event,Lyric,아,FF 05 BE C6,00:00:01:04,1106
1:09:59,2,1,Note,A3,056 000 115,90 39 38,00:00:01:13,1379
1:09:59,2,,Meta Event,Lyric,내,FF 05 B3 BB,00:00:01:13,1379
1:04:54,2,1,Note,A3,056 000 230,90 39 38,00:00:01:16,1494
1:04:54,2,,Meta Event,Lyric,에,FF 05 BF A1,00:00:01:16,1494
1:08:47,2,1,Note,B3,076 000 150,90 3B 4C,00:00:01:23,1727
1:08:47,2,,Meta Event,Lyric,마^,FF 05 B8 B6 5E,00:00:01:23,1727
1:11:17,2,1,Note,C4,081 000 356,90 3C 51,00:00:01:28,1877
1:11:17,2,,Meta Event,Lyric,아,FF 05 BE C6,00:00:01:28,1877
2:06:13,2,1,Note,B3,068 000 108,90 3B 44,00:00:02:09,2233
2:06:13,2,,Meta Event,Lyric,므,FF 05 B9 C7,00:00:02:09,2233
2:08:01,2,1,Note,B3,068 000 315,90 3B 44,00:00:02:13,2341
2:08:01,2,,Meta Event,Lyric,을,FF 05 C0 BB,00:00:02:13,2341
2:06:25,2,1,Note,Ab3,065 000 179,90 38 41,00:00:02:23,2665
2:06:25,2,,Meta Event,Lyric,아^,FF 05 BE C6 5E,00:00:02:23,2665
2:09:24,2,1,Note,A3,068 000 295,90 39 44,00:00:02:28,2844
2:09:24,2,,Meta Event,Lyric,아,FF 05 BE C6,00:00:02:28,2844
2:07:25,2,1,Note,G3,059 000 124,90 37 3B,00:00:03:08,3145
2:07:25,2,,Meta Event,Lyric,라,FF 05 B6 F3,00:00:03:08,3145
2:09:29,2,1,Note,G3,059 000 323,90 37 3B,00:00:03:12,3269
2:09:29,2,,Meta Event,Lyric,아,FF 05 BE C6,00:00:03:12,3269
2:07:54,2,1,Note,A3,054 000 143,90 39 36,00:00:03:22,3594
2:07:54,2,,Meta Event,Lyric,주,FF 05 C1 D6,00:00:03:22,3594
2:10:17,2,1,Note,A3,054 000 362,90 39 36,00:00:03:26,3737
2:10:17,2,,Meta Event,Lyric,울,FF 05 BF EF,00:00:03:26,3737
3:05:21,2,1,Note,F3,057 000 185,90 35 39,00:00:04:08,4101
3:05:21,2,,Meta Event,Lyric,까^,FF 05 B1 EE 5E,00:00:04:08,4101
3:08:26,2,1,Note,Gb3,052 000 548,90 36 34,00:00:04:13,4286
3:08:26,2,,Meta Event,Lyric,아,FF 05 BE C6,00:00:04:13,4286
3:03:34,2,1,Note,C7,027 000 390,90 60 1B,00:00:05:01,4834
3:10:07,2,1,Note,E3,053 000 198,90 34 35,00:00:05:13,5227
3:10:07,2,,Meta Event,Lyric,그^,FF 05 B1 D7 5E,00:00:05:13,5227
3:06:25,2,1,Note,Gb3,053 000 114,90 36 35,00:00:05:19,5425
3:06:25,2,,Meta Event,Lyric,으,FF 05 C0 B8,00:00:05:19,5425
3:08:19,2,1,Note,Gb3,053 000 155,90 36 35,00:00:05:23,5539
3:08:19,2,,Meta Event,Lyric,러,FF 05 B7 AF,00:00:05:23,5539
3:10:54,2,1,Note,Gb3,053 000 289,90 36 35,00:00:05:27,5694
3:10:54,2,,Meta Event,Lyric,얼,FF 05 BE F3,00:00:05:27,5694
4:04:46,2,1,Note,G3,054 000 148,90 37 36,00:00:06:07,5986
4:04:46,2,,Meta Event,Lyric,까,FF 05 B1 EE,00:00:06:07,5986
4:07:14,2,1,Note,G3,054 000 400,90 37 36,00:00:06:11,6134
4:07:14,2,,Meta Event,Lyric,아,FF 05 BE C6,00:00:06:11,6134
5:03:41,2,1,Note,C7,008 064 306,90 60 08,00:00:08:05,7841
5:08:57,2,1,Note,D4,085 000 290,90 3E 55,00:00:08:14,8157
5:08:57,2,,Meta Event,Lyric,아,FF 05 BE C6,00:00:08:14,8157
5:06:47,2,1,Note,D4,056 000 110,90 3E 38,00:00:08:23,8447
5:06:47,2,,Meta Event,Lyric,무,FF 05 B9 AB,00:00:08:23,8447
5:08:37,2,1,Note,D4,056 000 99,90 3E 38,00:00:08:27,8557
5:08:37,2,,Meta Event,Lyric,우,FF 05 BF EC,00:00:08:27,8557
5:03:16,2,1,Note,D4,071 000 164,90 3E 47,00:00:09:00,8656
5:03:16,2,,Meta Event,Lyric,거,FF 05 B0 C5,00:00:09:00,8656
5:06:00,2,1,Note,D4,071 000 306,90 3E 47,00:00:09:05,8820
5:06:00,2,,Meta Event,Lyric,엇,FF 05 BE F9,00:00:09:05,8820
5:04:16,2,1,Note,A3,064 000 105,90 39 40,00:00:09:15,9136
5:04:16,2,,Meta Event,Lyric,도,FF 05 B5 B5,00:00:09:15,9136
5:06:01,2,1,Note,A3,064 000 155,90 39 40,00:00:09:18,9241
5:06:01,2,,Meta Event,Lyric,오,FF 05 BF C0,00:00:09:18,9241
5:08:39,2,1,Note,B3,081 000 194,90 3B 51,00:00:09:23,9399
5:08:39,2,,Meta Event,Lyric,어^,FF 05 BE EE 5E,00:00:09:23,9399
5:11:53,2,1,Note,C4,054 000 287,90 3C 36,00:00:09:29,9593
5:11:53,2,,Meta Event,Lyric,업,FF 05 BE F7,00:00:09:29,9593
6:05:42,2,1,Note,D4,064 000 138,90 3E 40,00:00:10:08,9882
6:05:42,2,,Meta Event,Lyric,느,FF 05 B4 C0,00:00:10:08,9882
6:08:00,2,1,Note,D4,064 000 305,90 3E 40,00:00:10:13,10020
6:08:00,2,,Meta Event,Lyric,은,FF 05 C0 BA,00:00:10:13,10020
6:06:07,2,1,Note,Eb4,092 000 204,90 3F 5C,00:00:10:22,10327
6:06:07,2,,Meta Event,Lyric,나^,FF 05 B3 AA 5E,00:00:10:22,10327
6:09:31,2,1,Note,E4,097 000 282,90 40 61,00:00:10:29,10531
6:09:31,2,,Meta Event,Lyric,아,FF 05 BE C6,00:00:10:29,10531
6:07:16,2,1,Note,C4,063 000 151,90 3C 3F,00:00:11:08,10816
6:07:16,2,,Meta Event,Lyric,르,FF 05 B8 A3,00:00:11:08,10816
6:09:47,2,1,Note,C4,063 000 299,90 3C 3F,00:00:11:12,10967
6:09:47,2,,Meta Event,Lyric,을,FF 05 C0 BB,00:00:11:12,10967
6:07:46,2,1,Note,C4,070 000 226,90 3C 46,00:00:11:22,11266
6:07:46,2,,Meta Event,Lyric,보^,FF 05 BA B8 5E,00:00:11:22,11266
6:11:32,2,1,Note,D4,067 000 277,90 3E 43,00:00:11:29,11492
6:11:32,2,,Meta Event,Lyric,올,FF 05 BF C3,00:00:11:29,11492
7:05:11,2,1,Note,A3,067 000 147,90 39 43,00:00:12:07,11771
7:05:11,2,,Meta Event,Lyric,까,FF 05 B1 EE,00:00:12:07,11771
7:07:38,2,1,Note,A3,067 000 525,90 39 43,00:00:12:12,11918
7:07:38,2,,Meta Event,Lyric,아,FF 05 BE C6,00:00:12:12,11918
7:04:57,2,1,Note,C7,025 000 352,90 60 19,00:00:13:03,12597
7:10:51,2,1,Note,B3,066 000 114,90 3B 42,00:00:13:14,12951
7:10:51,2,,Meta Event,Lyric,그,FF 05 B1 D7,00:00:13:14,12951
7:05:45,2,1,Note,B3,066 000 173,90 3B 42,00:00:13:18,13065
7:05:45,2,,Meta Event,Lyric,으,FF 05 C0 B8,00:00:13:18,13065
7:08:38,2,1,Note,B3,078 000 167,90 3B 4E,00:00:13:23,13238
7:08:38,2,,Meta Event,Lyric,러^,FF 05 B7 AF 5E,00:00:13:23,13238
7:11:25,2,1,Note,C4,069 000 284,90 3C 45,00:00:13:28,13405
7:11:25,2,,Meta Event,Lyric,얼,FF 05 BE F3,00:00:13:28,13405
8:05:11,2,1,Note,G3,058 000 122,90 37 3A,00:00:14:07,13691
8:05:11,2,,Meta Event,Lyric,까,FF 05 B1 EE,00:00:14:07,13691
8:07:13,2,1,Note,G3,058 000 586,90 37 3A,00:00:14:11,13813
8:07:13,2,,Meta Event,Lyric,아,FF 05 BE C6,00:00:14:11,13813
9:03:40,2,1,Note,C7,100 064 272,90 60 64,00:00:16:05,15520
9:08:21,2,1,Note,Db4,069 000 256,90 3D 45,00:00:16:13,15801
9:08:21,2,,Meta Event,Lyric,처^,FF 05 C3 B3 5E,00:00:16:13,15801
9:05:37,2,1,Note,D4,050 000 207,90 3E 32,00:00:16:21,16057
9:05:37,2,,Meta Event,Lyric,언,FF 05 BE F0,00:00:16:21,16057
9:09:07,2,1,Note,C4,068 000 113,90 3C 44,00:00:16:28,16267
9:09:07,2,,Meta Event,Lyric,처,FF 05 C3 B3,00:00:16:28,16267
9:04:00,2,1,Note,C4,068 000 279,90 3C 44,00:00:17:01,16380
9:04:00,2,,Meta Event,Lyric,어,FF 05 BE EE,00:00:17:01,16380
9:08:42,2,1,Note,D4,053 000 99,90 3E 35,00:00:17:10,16662
9:08:42,2,,Meta Event,Lyric,니,FF 05 B4 CF,00:00:17:10,16662
9:10:21,2,1,Note,D4,053 000 351,90 3E 35,00:00:17:13,16761
9:10:21,2,,Meta Event,Lyric,이,FF 05 C0 CC,00:00:17:13,16761
9:09:14,2,1,Note,A3,053 000 135,90 39 35,00:00:17:24,17114
9:09:14,2,,Meta Event,Lyric,거,FF 05 B0 C5,00:00:17:24,17114
9:11:29,2,1,Note,A3,053 000 284,90 39 35,00:00:17:29,17249
9:11:29,2,,Meta Event,Lyric,엇,FF 05 BE F9,00:00:17:29,17249
10:05:13,2,1,Note,A3,056 000 103,90 39 38,00:00:18:07,17533
10:05:13,2,,Meta Event,Lyric,다,FF 05 B4 D9,00:00:18:07,17533
10:06:56,2,1,Note,A3,056 000 161,90 39 38,00:00:18:11,17636
10:06:56,2,,Meta Event,Lyric,아,FF 05 BE C6,00:00:18:11,17636
10:02:39,2,1,Note,Db4,069 000 177,90 3D 45,00:00:18:16,17799
10:02:39,2,,Meta Event,Lyric,또^,FF 05 B6 C7 5E,00:00:18:16,17799
10:05:36,2,1,Note,D4,062 000 215,90 3E 3E,00:00:18:21,17976
10:05:36,2,,Meta Event,Lyric,오,FF 05 BF C0,00:00:18:21,17976
10:09:14,2,1,Note,C4,059 000 112,90 3C 3B,00:00:18:28,18194
10:09:14,2,,Meta Event,Lyric,자,FF 05 C0 DA,00:00:18:28,18194
10:04:06,2,1,Note,C4,059 000 215,90 3C 3B,00:00:19:02,18306
10:04:06,2,,Meta Event,Lyric,암,FF 05 BE CF,00:00:19:02,18306
10:07:41,2,1,Note,D4,059 000 109,90 3E 3B,00:00:19:08,18521
10:07:41,2,,Meta Event,Lyric,시,FF 05 BD C3,00:00:19:08,18521
10:09:30,2,1,Note,D4,059 000 180,90 3E 3B,00:00:19:12,18630
10:09:30,2,,Meta Event,Lyric,이,FF 05 C0 CC,00:00:19:12,18630
10:05:30,2,1,Note,C7,030 000 145,90 60 1E,00:00:19:17,18810
10:07:58,2,1,Note,A3,058 000 83,90 39 3A,00:00:19:22,18958
10:07:58,2,,Meta Event,Lyric,시,FF 05 BD C3,00:00:19:22,18958
10:09:21,2,1,Note,A3,058 000 148,90 39 3A,00:00:19:25,19041
10:09:21,2,,Meta Event,Lyric,이,FF 05 C0 CC,00:00:19:25,19041
10:11:56,2,1,Note,B3,072 000 183,90 3B 48,00:00:19:29,19196
10:11:56,2,,Meta Event,Lyric,서^,FF 05 BC AD 5E,00:00:19:29,19196
11:03:59,2,1,Note,C4,070 000 117,90 3C 46,00:00:20:05,19379
11:03:59,2,,Meta Event,Lyric,어,FF 05 BE EE,00:00:20:05,19379
11:05:56,2,1,Note,B3,065 000 100,90 3B 41,00:00:20:09,19496
11:05:56,2,,Meta Event,Lyric,느,FF 05 B4 C0,00:00:20:09,19496
11:07:36,2,1,Note,B3,065 000 96,90 3B 41,00:00:20:12,19596
11:07:36,2,,Meta Event,Lyric,을,FF 05 C0 BB,00:00:20:12,19596
11:02:15,2,1,Note,A3,060 000 164,90 39 3C,00:00:20:15,19695
11:02:15,2,,Meta Event,Lyric,의,FF 05 C0 C7,00:00:20:15,19695
11:04:59,2,1,Note,G3,044 000 96,90 37 2C,00:00:20:20,19859
11:04:59,2,,Meta Event,Lyric,시,FF 05 BD C3,00:00:20:20,19859
11:06:35,2,1,Note,G3,044 000 202,90 37 2C,00:00:20:23,19955
11:06:35,2,,Meta Event,Lyric,이,FF 05 C0 CC,00:00:20:23,19955
11:09:59,2,1,Note,Gb3,055 000 135,90 36 37,00:00:20:29,20159
11:09:59,2,,Meta Event,Lyric,카,FF 05 C4 AB,00:00:20:29,20159
11:05:14,2,1,Note,Gb3,055 000 145,90 36 37,00:00:21:04,20294
11:05:14,2,,Meta Event,Lyric,아,FF 05 BE C6,00:00:21:04,20294
11:07:41,2,1,Note,G3,048 000 91,90 37 30,00:00:21:08,20441
11:07:41,2,,Meta Event,Lyric,고,FF 05 B0 ED,00:00:21:08,20441
11:09:12,2,1,Note,G3,048 000 130,90 37 30,00:00:21:11,20532
11:09:12,2,,Meta Event,Lyric,오,FF 05 BF C0,00:00:21:11,20532
11:04:25,2,1,Note,A3,052 000 120,90 39 34,00:00:21:15,20665
11:04:25,2,,Meta Event,Lyric,이,FF 05 C0 CC,00:00:21:15,20665
11:06:25,2,1,Note,A3,052 000 172,90 39 34,00:00:21:19,20785
11:06:25,2,,Meta Event,Lyric,있,FF 05 C0 D6,00:00:21:19,20785
11:09:20,2,1,Note,E3,054 000 192,90 34 36,00:00:21:25,20960
11:09:20,2,,Meta Event,Lyric,느^,FF 05 B4 C0 5E,00:00:21:25,20960
12:01:32,2,1,Note,Gb3,048 000 232,90 36 30,00:00:22:01,21152
12:01:32,2,,Meta Event,Lyric,은,FF 05 C0 BA,00:00:22:01,21152
12:05:26,2,1,Note,G3,053 000 154,90 37 35,00:00:22:08,21386
12:05:26,2,,Meta Event,Lyric,나,FF 05 B3 AA,00:00:22:08,21386
12:08:00,2,1,Note,G3,053 000 487,90 37 35,00:00:22:13,21540
12:08:00,2,,Meta Event,Lyric,아,FF 05 BE C6,00:00:22:13,21540
13:03:52,2,1,Note,C7,100 064 235,90 60 64,00:00:24:05,23212
13:07:56,2,1,Note,Db4,067 000 255,90 3D 43,00:00:24:13,23456
13:07:56,2,,Meta Event,Lyric,조^,FF 05 C1 B6 5E,00:00:24:13,23456
13:05:11,2,1,Note,D4,068 000 176,90 3E 44,00:00:24:20,23711
13:05:11,2,,Meta Event,Lyric,오,FF 05 BF C0,00:00:24:20,23711
13:08:07,2,1,Note,C4,060 000 145,90 3C 3C,00:00:24:26,23887
13:08:07,2,,Meta Event,Lyric,시,FF 05 BD C3,00:00:24:26,23887
13:03:32,2,1,Note,C4,060 000 215,90 3C 3C,00:00:25:01,24032
13:03:32,2,,Meta Event,Lyric,임,FF 05 C0 D3,00:00:25:01,24032
13:07:07,2,1,Note,D4,056 000 161,90 3E 38,00:00:25:07,24247
13:07:07,2,,Meta Event,Lyric,스,FF 05 BD BA,00:00:25:07,24247
13:09:48,2,1,Note,D4,056 000 328,90 3E 38,00:00:25:12,24408
13:09:48,2,,Meta Event,Lyric,으,FF 05 C0 B8,00:00:25:12,24408
13:08:47,2,1,Note,A3,054 000 148,90 39 36,00:00:25:23,24767
13:08:47,2,,Meta Event,Lyric,레,FF 05 B7 B9,00:00:25:23,24767
13:11:15,2,1,Note,A3,054 000 257,90 39 36,00:00:25:28,24915
13:11:15,2,,Meta Event,Lyric,에,FF 05 BF A1,00:00:25:28,24915
14:04:32,2,1,Note,A3,073 000 119,90 39 49,00:00:26:06,25172
14:04:32,2,,Meta Event,Lyric,나,FF 05 B3 AA,00:00:26:06,25172
14:06:31,2,1,Note,A3,073 000 155,90 39 49,00:00:26:10,25291
14:06:31,2,,Meta Event,Lyric,아,FF 05 BE C6,00:00:26:10,25291
14:02:09,2,1,Note,Db4,089 000 178,90 3D 59,00:00:26:15,25449
14:02:09,2,,Meta Event,Lyric,와^,FF 05 BF CD 5E,00:00:26:15,25449
14:05:07,2,1,Note,D4,085 000 237,90 3E 55,00:00:26:20,25627
14:05:07,2,,Meta Event,Lyric,아,FF 05 BE C6,00:00:26:20,25627
14:09:07,2,1,Note,C4,074 000 131,90 3C 4A,00:00:26:28,25867
14:09:07,2,,Meta Event,Lyric,마,FF 05 B8 B6,00:00:26:28,25867
14:04:18,2,1,Note,C4,074 000 215,90 3C 4A,00:00:27:02,25998
14:04:18,2,,Meta Event,Lyric,아,FF 05 BE C6,00:00:27:02,25998
14:08:00,2,1,Note,D4,060 000 108,90 3E 3C,00:00:27:09,26220
14:08:00,2,,Meta Event,Lyric,주,FF 05 C1 D6,00:00:27:09,26220
14:09:48,2,1,Note,D4,060 000 165,90 3E 3C,00:00:27:12,26328
14:09:48,2,,Meta Event,Lyric,우,FF 05 BF EC,00:00:27:12,26328
14:05:33,2,1,Note,C7,029 000 149,90 60 1D,00:00:27:17,26493
14:08:04,2,1,Note,A3,071 000 117,90 39 47,00:00:27:22,26644
14:08:04,2,,Meta Event,Lyric,치,FF 05 C4 A1,00:00:27:22,26644
14:10:01,2,1,Note,A3,071 000 119,90 39 47,00:00:27:26,26761
14:10:01,2,,Meta Event,Lyric,이,FF 05 C0 CC,00:00:27:26,26761
15:01:00,2,1,Note,B3,064 000 157,90 3B 40,00:00:28:00,26880
15:01:00,2,,Meta Event,Lyric,느^,FF 05 B4 C0 5E,00:00:28:00,26880
15:03:37,2,1,Note,C4,056 000 118,90 3C 38,00:00:28:04,27037
15:03:37,2,,Meta Event,Lyric,으,FF 05 C0 B8,00:00:28:04,27037
15:05:38,2,1,Note,B3,066 000 86,90 3B 42,00:00:28:08,27158
15:05:38,2,,Meta Event,Lyric,니,FF 05 B4 CF,00:00:28:08,27158
15:07:04,2,1,Note,B3,066 000 135,90 3B 42,00:00:28:11,27244
15:07:04,2,,Meta Event,Lyric,이,FF 05 C0 CC,00:00:28:11,27244
15:02:21,2,1,Note,A3,061 000 167,90 39 3D,00:00:28:15,27381
15:02:21,2,,Meta Event,Lyric,리,FF 05 B8 AE,00:00:28:15,27381
15:05:14,2,1,Note,G3,052 000 124,90 37 34,00:00:28:21,27554
15:05:14,2,,Meta Event,Lyric,새,FF 05 BB F5,00:00:28:21,27554
15:07:18,2,1,Note,G3,052 000 156,90 37 34,00:00:28:24,27678
15:07:18,2,,Meta Event,Lyric,엥,FF 05 BF A8,00:00:28:24,27678
15:09:54,2,1,Note,G3,047 000 105,90 37 2F,00:00:28:29,27834
15:09:54,2,,Meta Event,Lyric,기,FF 05 B1 E2,00:00:28:29,27834
15:04:39,2,1,Note,G3,047 000 128,90 37 2F,00:00:29:03,27939
15:04:39,2,,Meta Event,Lyric,일,FF 05 C0 CF,00:00:29:03,27939
15:06:47,2,1,Note,G3,046 000 98,90 37 2E,00:00:29:07,28067
15:06:47,2,,Meta Event,Lyric,지,FF 05 C1 F6,00:00:29:07,28067
15:08:25,2,1,Note,G3,046 000 160,90 37 2E,00:00:29:10,28165
15:08:25,2,,Meta Event,Lyric,이,FF 05 C0 CC,00:00:29:10,28165
15:04:08,2,1,Note,A3,066 000 91,90 39 42,00:00:29:15,28328
15:04:08,2,,Meta Event,Lyric,도,FF 05 B5 B5,00:00:29:15,28328
15:05:39,2,1,Note,A3,066 000 165,90 39 42,00:00:29:18,28419
15:05:39,2,,Meta Event,Lyric,오,FF 05 BF C0,00:00:29:18,28419
15:08:24,2,1,Note,B3,075 000 198,90 3B 4B,00:00:29:23,28584
15:08:24,2,,Meta Event,Lyric,모^,FF 05 B8 F0 5E,00:00:29:23,28584
15:11:42,2,1,Note,C4,065 000 288,90 3C 41,00:00:29:29,28782
15:11:42,2,,Meta Event,Lyric,올,FF 05 BF C3,00:00:29:29,28782
16:05:30,2,1,Note,C4,084 000 203,90 3C 54,00:00:30:08,29070
16:05:30,2,,Meta Event,Lyric,라,FF 05 B6 F3,00:00:30:08,29070
16:08:53,2,1,Note,D4,066 000 751,90 3E 42,00:00:30:14,29273
16:08:53,2,,Meta Event,Lyric,아~,FF 05 BE C6 7E,00:00:30:14,29273
16:06:17,2,1,Note,C7,025 000 277,90 60 19,00:00:31:19,30377
16:10:57,2,1,Note,Bb3,064 000 216,90 3A 40,00:00:31:28,30657
16:10:57,2,,Meta Event,Lyric,조,FF 05 C1 B6,00:00:31:28,30657
17:03:33,2,1,Note,B3,064 000 213,90 3B 40,00:00:32:04,30873
17:03:33,2,,Meta Event,Lyric,오,FF 05 BF C0,00:00:32:04,30873
17:07:08,2,1,Note,Db4,057 000 158,90 3D 39,00:00:32:11,31088
17:07:08,2,,Meta Event,Lyric,그^,FF 05 B1 D7 5E,00:00:32:11,31088
17:02:46,2,1,Note,D4,050 000 133,90 3E 32,00:00:32:16,31246
17:02:46,2,,Meta Event,Lyric,음,FF 05 C0 BD,00:00:32:16,31246
17:04:59,2,1,Note,D4,059 000 120,90 3E 3B,00:00:32:20,31379
17:04:59,2,,Meta Event,Lyric,시,FF 05 BD C3,00:00:32:20,31379
17:06:59,2,1,Note,D4,059 000 99,90 3E 3B,00:00:32:24,31499
17:06:59,2,,Meta Event,Lyric,이,FF 05 C0 CC,00:00:32:24,31499
17:08:38,2,1,Note,Db4,063 000 507,90 3D 3F,00:00:32:27,31598
17:08:38,2,,Meta Event,Lyric,익,FF 05 C0 CD,00:00:32:27,31598
17:10:05,2,1,Note,C7,029 000 276,90 60 1D,00:00:33:13,32105
17:07:44,2,1,Note,B3,059 000 90,90 3B 3B,00:00:33:22,32384
17:07:44,2,,Meta Event,Lyric,다,FF 05 B4 D9,00:00:33:22,32384
17:09:13,2,1,Note,Db4,059 000 185,90 3D 3B,00:00:33:24,32473
17:09:13,2,,Meta Event,Lyric,가,FF 05 B0 A1,00:00:33:24,32473
18:01:19,2,1,Note,Db4,095 000 127,90 3D 5F,00:00:34:00,32659
18:01:19,2,,Meta Event,Lyric,와^,FF 05 BF CD 5E,00:00:34:00,32659
18:03:26,2,1,Note,D4,086 000 239,90 3E 56,00:00:34:04,32786
18:03:26,2,,Meta Event,Lyric,아,FF 05 BE C6,00:00:34:04,32786
18:07:27,2,1,Note,Ab3,058 000 166,90 38 3A,00:00:34:12,33027
18:07:27,2,,Meta Event,Lyric,도^,FF 05 B5 B5 5E,00:00:34:12,33027
18:03:13,2,1,Note,A3,060 000 186,90 39 3C,00:00:34:17,33193
18:03:13,2,,Meta Event,Lyric,오,FF 05 BF C0,00:00:34:17,33193
18:06:22,2,1,Note,Ab3,055 000 177,90 38 37,00:00:34:23,33382
18:06:22,2,,Meta Event,Lyric,돼,FF 05 B5 C5,00:00:34:23,33382
18:09:19,2,1,Note,Gb3,053 000 434,90 36 35,00:00:34:28,33559
18:09:19,2,,Meta Event,Lyric,에,FF 05 BF A1,00:00:34:28,33559
18:06:58,2,1,Note,C7,025 000 290,90 60 19,00:00:35:20,34258
18:11:51,2,1,Note,Db4,080 000 151,90 3D 50,00:00:35:29,34551
18:11:51,2,,Meta Event,Lyric,나^,FF 05 B3 AA 5E,00:00:35:29,34551
19:03:22,2,1,Note,D4,073 000 268,90 3E 49,00:00:36:04,34702
19:03:22,2,,Meta Event,Lyric,아,FF 05 BE C6,00:00:36:04,34702
19:07:52,2,1,Note,F4,086 000 137,90 41 56,00:00:36:12,34972
19:07:52,2,,Meta Event,Lyric,에^,FF 05 BF A1 5E,00:00:36:12,34972
19:03:09,2,1,Note,Gb4,075 000 220,90 42 4B,00:00:36:17,35109
19:03:09,2,,Meta Event,Lyric,에,FF 05 BF A1,00:00:36:17,35109
19:06:52,2,1,Note,F4,090 000 143,90 41 5A,00:00:36:24,35332
19:06:52,2,,Meta Event,Lyric,게,FF 05 B0 D4,00:00:36:24,35332
19:09:15,2,1,Note,E4,075 000 487,90 40 4B,00:00:36:28,35475
19:09:15,2,,Meta Event,Lyric,에,FF 05 BF A1,00:00:36:28,35475
19:10:22,2,1,Note,C7,030 000 211,90 60 1E,00:00:37:13,35962
19:06:53,2,1,Note,E4,054 000 163,90 40 36,00:00:37:20,36173
19:06:53,2,,Meta Event,Lyric,소,FF 05 BC D2,00:00:37:20,36173
19:09:36,2,1,Note,E4,062 000 150,90 40 3E,00:00:37:25,36336
19:09:36,2,,Meta Event,Lyric,늘,FF 05 B4 C3,00:00:37:25,36336
20:01:09,2,1,Note,F4,092 000 119,90 41 5C,00:00:38:00,36489
20:01:09,2,,Meta Event,Lyric,내^,FF 05 B3 BB 5E,00:00:38:00,36489
20:03:08,2,1,Note,Gb4,082 000 280,90 42 52,00:00:38:03,36608
20:03:08,2,,Meta Event,Lyric,에,FF 05 BF A1,00:00:38:03,36608
20:07:50,2,1,Note,A3,058 000 128,90 39 3A,00:00:38:12,36890
20:07:50,2,,Meta Event,Lyric,미,FF 05 B9 CC,00:00:38:12,36890
20:02:58,2,1,Note,A3,058 000 206,90 39 3A,00:00:38:16,37018
20:02:58,2,,Meta Event,Lyric,이,FF 05 C0 CC,00:00:38:16,37018
20:06:24,2,1,Note,A3,070 000 186,90 39 46,00:00:38:23,37224
20:06:24,2,,Meta Event,Lyric,러^,FF 05 B7 AF 5E,00:00:38:23,37224
20:09:30,2,1,Note,B3,064 000 218,90 3B 40,00:00:38:29,37410
20:09:30,2,,Meta Event,Lyric,어,FF 05 BE EE,00:00:38:29,37410
20:06:17,2,1,Note,D4,074 000 139,90 3E 4A,00:00:39:06,37637
20:06:17,2,,Meta Event,Lyric,줘,FF 05 C1 E0,00:00:39:06,37637
20:08:36,2,1,Note,D4,074 000 300,90 3E 4A,00:00:39:10,37776
20:08:36,2,,Meta Event,Lyric,어,FF 05 BE EE,00:00:39:10,37776
20:06:36,2,1,Note,C7,029 000 205,90 60 1D,00:00:39:19,38076
20:10:04,2,1,Note,Bb3,066 000 210,90 3A 42,00:00:39:26,38284
20:10:04,2,,Meta Event,Lyric,나^,FF 05 B3 AA 5E,00:00:39:26,38284
21:02:35,2,1,Note,B3,064 000 283,90 3B 40,00:00:40:02,38495
21:02:35,2,,Meta Event,Lyric,아,FF 05 BE C6,00:00:40:02,38495
21:07:21,2,1,Note,Db4,069 000 151,90 3D 45,00:00:40:11,38781
21:07:21,2,,Meta Event,Lyric,에^,FF 05 BF A1 5E,00:00:40:11,38781
21:02:52,2,1,Note,D4,065 000 215,90 3E 41,00:00:40:16,38932
21:02:52,2,,Meta Event,Lyric,에,FF 05 BF A1,00:00:40:16,38932
21:06:27,2,1,Note,D4,074 000 128,90 3E 4A,00:00:40:23,39147
21:06:27,2,,Meta Event,Lyric,게,FF 05 B0 D4,00:00:40:23,39147
21:08:35,2,1,Note,Db4,068 000 466,90 3D 44,00:00:40:27,39275
21:08:35,2,,Meta Event,Lyric,에,FF 05 BF A1,00:00:40:27,39275
21:09:21,2,1,Note,C7,027 000 335,90 60 1B,00:00:41:11,39741
21:07:59,2,1,Note,B3,077 000 136,90 3B 4D,00:00:41:22,40079
21:07:59,2,,Meta Event,Lyric,마,FF 05 B8 B6,00:00:41:22,40079
21:10:15,2,1,Note,Db4,071 000 128,90 3D 47,00:00:41:26,40215
21:10:15,2,,Meta Event,Lyric,래,FF 05 B7 A1,00:00:41:26,40215
22:01:23,2,1,Note,Db4,063 000 146,90 3D 3F,00:00:42:00,40343
22:01:23,2,,Meta Event,Lyric,주^,FF 05 C1 D6 5E,00:00:42:00,40343
22:03:49,2,1,Note,D4,057 000 222,90 3E 39,00:00:42:05,40489
22:03:49,2,,Meta Event,Lyric,울,FF 05 BF EF,00:00:42:05,40489
22:07:33,2,1,Note,G3,067 000 169,90 37 43,00:00:42:12,40713
22:07:33,2,,Meta Event,Lyric,꺼^,FF 05 B2 A8 5E,00:00:42:12,40713
22:03:22,2,1,Note,A3,065 000 206,90 39 41,00:00:42:17,40882
22:03:22,2,,Meta Event,Lyric,어,FF 05 BE EE,00:00:42:17,40882
22:06:48,2,1,Note,Gb3,060 000 215,90 36 3C,00:00:42:23,41088
22:06:48,2,,Meta Event,Lyric,야,FF 05 BE DF,00:00:42:23,41088
22:03:23,2,1,Note,Gb3,051 000 357,90 36 33,00:00:43:00,41303
22:03:23,2,,Meta Event,Lyric,아,FF 05 BE C6,00:00:43:00,41303
22:04:52,2,1,Note,C7,027 000 217,90 60 1B,00:00:43:16,41812
22:08:32,2,1,Note,D4,054 000 222,90 3E 36,00:00:43:23,42032
22:08:32,2,,Meta Event,Lyric,이,FF 05 C0 CC,00:00:43:23,42032
23:01:16,2,1,Note,F4,089 000 146,90 41 59,00:00:44:00,42256
23:01:16,2,,Meta Event,Lyric,녀^,FF 05 B3 E0 5E,00:00:44:00,42256
23:03:42,2,1,Note,Gb4,083 000 219,90 42 53,00:00:44:05,42402
23:03:42,2,,Meta Event,Lyric,어,FF 05 BE EE,00:00:44:05,42402
23:07:21,2,1,Note,D4,063 000 96,90 3E 3F,00:00:44:11,42621
23:07:21,2,,Meta Event,Lyric,니,FF 05 B4 CF,00:00:44:11,42621
23:08:57,2,1,Note,D4,063 000 237,90 3E 3F,00:00:44:14,42717
23:08:57,2,,Meta Event,Lyric,일,FF 05 C0 CF,00:00:44:14,42717
23:05:54,2,1,Note,D4,062 000 195,90 3E 3E,00:00:44:22,42954
23:05:54,2,,Meta Event,Lyric,지^,FF 05 C1 F6 5E,00:00:44:22,42954
23:09:09,2,1,Note,E4,066 000 304,90 40 42,00:00:44:28,43149
23:09:09,2,,Meta Event,Lyric,이,FF 05 C0 CC,00:00:44:28,43149
23:07:13,2,1,Note,D4,080 000 104,90 3E 50,00:00:45:07,43453
23:07:13,2,,Meta Event,Lyric,모,FF 05 B8 F0,00:00:45:07,43453
23:08:57,2,1,Note,D4,080 000 169,90 3E 50,00:00:45:11,43557
23:08:57,2,,Meta Event,Lyric,오,FF 05 BF C0,00:00:45:11,43557
23:04:48,2,1,Note,Gb4,061 000 169,90 42 3D,00:00:45:16,43728
23:04:48,2,,Meta Event,Lyric,르^,FF 05 B8 A3 5E,00:00:45:16,43728
23:07:37,2,1,Note,G4,050 000 200,90 43 32,00:00:45:21,43897
23:07:37,2,,Meta Event,Lyric,은,FF 05 C0 BA,00:00:45:21,43897
23:11:03,2,1,Note,Ab4,099 000 139,90 44 63,00:00:45:28,44103
23:11:03,2,,Meta Event,Lyric,다^,FF 05 B4 D9 5E,00:00:45:28,44103
24:02:22,2,1,Note,A4,091 000 232,90 45 5B,00:00:46:02,44242
24:02:22,2,,Meta Event,Lyric,아,FF 05 BE C6,00:00:46:02,44242
24:06:17,2,1,Note,Ab4,092 000 156,90 44 5C,00:00:46:09,44477
24:06:17,2,,Meta Event,Lyric,고^,FF 05 B0 ED 5E,00:00:46:09,44477
24:08:53,2,1,Note,A4,086 000 954,90 45 56,00:00:46:14,44633
24:08:53,2,,Meta Event,Lyric,오,FF 05 BF C0,00:00:46:14,44633
24:06:58,2,1,Note,C7,027 000 304,90 60 1B,00:00:47:20,45778
25:01:05,2,1,Note,Ab4,089 000 202,90 44 59,00:00:48:00,46085
25:01:05,2,,Meta Event,Lyric,머^,FF 05 B8 D3 5E,00:00:48:00,46085
25:04:27,2,1,Note,A4,088 000 250,90 45 58,00:00:48:06,46287
25:04:27,2,,Meta Event,Lyric,엇,FF 05 BE F9,00:00:48:06,46287
25:08:39,2,1,Note,E4,071 000 213,90 40 47,00:00:48:14,46539
25:08:39,2,,Meta Event,Lyric,지^,FF 05 C1 F6 5E,00:00:48:14,46539
25:05:12,2,1,Note,Gb4,071 000 260,90 42 47,00:00:48:21,46752
25:05:12,2,,Meta Event,Lyric,인,FF 05 C0 CE,00:00:48:21,46752
25:09:32,2,1,Note,Gb4,072 000 89,90 42 48,00:00:48:29,47012
25:09:32,2,,Meta Event,Lyric,하,FF 05 C7 CF,00:00:48:29,47012
25:04:01,2,1,Note,Gb4,072 000 191,90 42 48,00:00:49:01,47101
25:04:01,2,,Meta Event,Lyric,아,FF 05 BE C6,00:00:49:01,47101
25:07:15,2,1,Note,G4,085 000 89,90 43 55,00:00:49:07,47295
25:07:15,2,,Meta Event,Lyric,느,FF 05 B4 C0,00:00:49:07,47295
25:08:44,2,1,Note,G4,085 000 122,90 43 55,00:00:49:10,47384
25:08:44,2,,Meta Event,Lyric,으,FF 05 C0 B8,00:00:49:10,47384
25:10:49,2,1,Note,A4,102 000 105,90 45 66,00:00:49:14,47509
25:10:49,2,,Meta Event,Lyric,레,FF 05 B7 B9,00:00:49:14,47509
25:05:34,2,1,Note,A4,102 000 139,90 45 66,00:00:49:17,47614
25:05:34,2,,Meta Event,Lyric,에,FF 05 BF A1,00:00:49:17,47614
25:07:56,2,1,Note,B4,068 000 112,90 47 44,00:00:49:22,47756
25:07:56,2,,Meta Event,Lyric,푸,FF 05 C7 AA,00:00:49:22,47756
25:09:48,2,1,Note,B4,068 000 153,90 47 44,00:00:49:25,47868
25:09:48,2,,Meta Event,Lyric,우^,FF 05 BF EC 5E,00:00:49:25,47868
26:01:21,2,1,Note,C5,056 000 204,90 48 38,00:00:50:00,48021
26:01:21,2,,Meta Event,Lyric,웅,FF 05 BF F5,00:00:50:00,48021
26:04:53,2,1,Note,Bb4,074 000 218,90 46 4A,00:00:50:07,48233
26:04:53,2,,Meta Event,Lyric,서^,FF 05 BC AD 5E,00:00:50:07,48233
26:08:31,2,1,Note,B4,054 000 203,90 47 36,00:00:50:14,48451
26:08:31,2,,Meta Event,Lyric,언,FF 05 BE F0,00:00:50:14,48451
26:04:56,2,1,Note,Ab4,092 000 160,90 44 5C,00:00:50:20,48656
26:04:56,2,,Meta Event,Lyric,처,FF 05 C3 B3,00:00:50:20,48656
26:07:36,2,1,Note,Ab4,092 000 140,90 44 5C,00:00:50:25,48816
26:07:36,2,,Meta Event,Lyric,어^,FF 05 BE EE 5E,00:00:50:25,48816
26:09:56,2,1,Note,A4,089 000 276,90 45 59,00:00:50:29,48956
26:09:56,2,,Meta Event,Lyric,어,FF 05 BE EE,00:00:50:29,48956
26:07:34,2,1,Note,G4,083 000 113,90 43 53,00:00:51:08,49234
26:07:34,2,,Meta Event,Lyric,러,FF 05 B7 AF,00:00:51:08,49234
26:09:27,2,1,Note,G4,083 000 121,90 43 53,00:00:51:12,49347
26:09:27,2,,Meta Event,Lyric,엄,FF 05 BE F6,00:00:51:12,49347
26:04:28,2,1,Note,C7,042 000 228,90 60 2A,00:00:51:15,49468
26:08:16,2,1,Note,G4,069 000 110,90 43 45,00:00:51:23,49696
26:08:16,2,,Meta Event,Lyric,부,FF 05 BA CE,00:00:51:23,49696
26:10:06,2,1,Note,G4,069 000 113,90 43 45,00:00:51:26,49806
26:10:06,2,,Meta Event,Lyric,우,FF 05 BF EC,00:00:51:26,49806
26:11:59,2,1,Note,G4,080 000 202,90 43 50,00:00:51:29,49919
26:11:59,2,,Meta Event,Lyric,푸^,FF 05 C7 AA 5E,00:00:51:29,49919
27:04:22,2,1,Note,A4,088 000 294,90 45 58,00:00:52:06,50122
27:04:22,2,,Meta Event,Lyric,우,FF 05 BF EC,00:00:52:06,50122
27:02:19,2,1,Note,F4,102 000 146,90 41 66,00:00:52:15,50419
27:02:19,2,,Meta Event,Lyric,러^,FF 05 B7 AF 5E,00:00:52:15,50419
27:04:45,2,1,Note,Gb4,099 000 187,90 42 63,00:00:52:20,50565
27:04:45,2,,Meta Event,Lyric,어,FF 05 BE EE,00:00:52:20,50565
27:07:52,2,1,Note,C7,040 000 144,90 60 28,00:00:52:26,50752
27:03:16,2,1,Note,Gb4,096 000 106,90 42 60,00:00:53:00,50896
27:03:16,2,,Meta Event,Lyric,나,FF 05 B3 AA,00:00:53:00,50896
27:05:02,2,1,Note,Gb4,096 000 156,90 42 60,00:00:53:03,51002
27:05:02,2,,Meta Event,Lyric,아,FF 05 BE C6,00:00:53:03,51002
27:07:40,2,1,Note,G4,106 000 99,90 43 6A,00:00:53:08,51160
27:07:40,2,,Meta Event,Lyric,라,FF 05 B6 F3,00:00:53:08,51160
27:09:19,2,1,Note,G4,106 000 125,90 43 6A,00:00:53:11,51259
27:09:19,2,,Meta Event,Lyric,아,FF 05 BE C6,00:00:53:11,51259
27:04:26,2,1,Note,A4,101 000 104,90 45 65,00:00:53:15,51386
27:04:26,2,,Meta Event,Lyric,가,FF 05 B0 A1,00:00:53:15,51386
27:06:10,2,1,Note,A4,101 000 129,90 45 65,00:00:53:19,51490
27:06:10,2,,Meta Event,Lyric,알,FF 05 BE CB,00:00:53:19,51490
27:08:22,2,1,Note,E4,101 000 191,90 40 65,00:00:53:23,51622
27:08:22,2,,Meta Event,Lyric,거^,FF 05 B0 C5 5E,00:00:53:23,51622
27:11:33,2,1,Note,Gb4,087 000 247,90 42 57,00:00:53:29,51813
27:11:33,2,,Meta Event,Lyric,엇,FF 05 BE F9,00:00:53:29,51813
28:04:43,2,1,Note,G4,080 000 117,90 43 50,00:00:54:06,52063
28:04:43,2,,Meta Event,Lyric,가,FF 05 B0 A1,00:00:54:06,52063
28:06:40,2,1,Note,G4,080 000 86,90 43 50,00:00:54:10,52180
28:06:40,2,,Meta Event,Lyric,아,FF 05 BE C6,00:00:54:10,52180
28:08:06,2,1,Note,G4,080 000 159,90 43 50,00:00:54:13,52266
28:08:06,2,,Meta Event,Lyric,타,FF 05 C5 B8,00:00:54:13,52266
28:03:45,2,1,Note,G4,080 000 492,90 43 50,00:00:54:18,52425
28:03:45,2,,Meta Event,Lyric,아~,FF 05 BE C6 7E,00:00:54:18,52425
28:04:57,2,1,Note,C7,037 000 317,90 60 25,00:00:55:03,52917
28:10:14,2,1,Note,G4,091 000 185,90 43 5B,00:00:55:13,53234
28:10:14,2,,Meta Event,Lyric,매,FF 05 B8 C5,00:00:55:13,53234
28:06:19,2,1,Note,A4,089 000 139,90 45 59,00:00:55:19,53419
28:06:19,2,,Meta Event,Lyric,이,FF 05 C0 CC,00:00:55:19,53419
28:08:38,2,1,Note,A4,089 000 214,90 45 59,00:00:55:23,53558
28:08:38,2,,Meta Event,Lyric,일,FF 05 C0 CF,00:00:55:23,53558
29:01:12,2,1,Note,Ab4,104 000 104,90 44 68,00:00:56:00,53772
29:01:12,2,,Meta Event,Lyric,매^,FF 05 B8 C5 5E,00:00:56:00,53772
29:02:56,2,1,Note,A4,106 000 117,90 45 6A,00:00:56:03,53876
29:02:56,2,,Meta Event,Lyric,에,FF 05 BF A1,00:00:56:03,53876
29:04:53,2,1,Note,G4,078 000 243,90 43 4E,00:00:56:07,53993
29:04:53,2,,Meta Event,Lyric,이,FF 05 C0 CC,00:00:56:07,53993
29:08:59,2,1,Note,Gb4,068 000 139,90 42 44,00:00:56:14,54239
29:08:59,2,,Meta Event,Lyric,리,FF 05 B8 AE,00:00:56:14,54239
29:04:18,2,1,Note,Gb4,068 000 246,90 42 44,00:00:56:19,54378
29:04:18,2,,Meta Event,Lyric,이,FF 05 C0 CC,00:00:56:19,54378
29:08:24,2,1,Note,C7,035 000 342,90 60 23,00:00:56:27,54624
29:07:06,2,1,Note,G4,080 000 124,90 43 50,00:00:57:07,54966
29:07:06,2,,Meta Event,Lyric,마^,FF 05 B8 B6 5E,00:00:57:07,54966
29:09:10,2,1,Note,A4,075 000 107,90 45 4B,00:00:57:11,55090
29:09:10,2,,Meta Event,Lyric,아,FF 05 BE C6,00:00:57:11,55090
29:10:57,2,1,Note,A4,064 000 79,90 45 40,00:00:57:14,55197
29:10:57,2,,Meta Event,Lyric,주,FF 05 C1 D6,00:00:57:14,55197
29:05:16,2,1,Note,A4,064 000 101,90 45 40,00:00:57:17,55276
29:05:16,2,,Meta Event,Lyric,우,FF 05 BF EC,00:00:57:17,55276
29:06:57,2,1,Note,A4,065 000 91,90 45 41,00:00:57:20,55377
29:06:57,2,,Meta Event,Lyric,치,FF 05 C4 A1,00:00:57:20,55377
29:08:28,2,1,Note,A4,065 000 217,90 45 41,00:00:57:23,55468
29:08:28,2,,Meta Event,Lyric,이,FF 05 C0 CC,00:00:57:23,55468
30:01:05,2,1,Note,A4,069 000 88,90 45 45,00:00:58:00,55685
30:01:05,2,,Meta Event,Lyric,느,FF 05 B4 C0,00:00:58:00,55685
30:02:33,2,1,Note,A4,069 000 152,90 45 45,00:00:58:02,55773
30:02:33,2,,Meta Event,Lyric,은,FF 05 C0 BA,00:00:58:02,55773
30:05:05,2,1,Note,Bb4,069 000 136,90 46 45,00:00:58:07,55925
30:05:05,2,,Meta Event,Lyric,수,FF 05 BC F6,00:00:58:07,55925
30:07:21,2,1,Note,Bb4,069 000 136,90 46 45,00:00:58:11,56061
30:07:21,2,,Meta Event,Lyric,우^,FF 05 BF EC 5E,00:00:58:11,56061
30:02:37,2,1,Note,B4,055 000 199,90 47 37,00:00:58:16,56197
30:02:37,2,,Meta Event,Lyric,운,FF 05 BF EE,00:00:58:16,56197
30:05:58,2,1,Note,Gb4,075 000 132,90 42 4B,00:00:58:22,56398
30:05:58,2,,Meta Event,Lyric,가,FF 05 B0 A1,00:00:58:22,56398
30:08:10,2,1,Note,Gb4,075 000 379,90 42 4B,00:00:58:26,56530
30:08:10,2,,Meta Event,Lyric,아,FF 05 BE C6,00:00:58:26,56530
30:07:31,2,1,Note,Ab4,072 000 151,90 44 48,00:00:59:08,56911
30:07:31,2,,Meta Event,Lyric,느^,FF 05 B4 C0 5E,00:00:59:08,56911
30:10:02,2,1,Note,A4,062 000 402,90 45 3E,00:00:59:13,57062
30:10:02,2,,Meta Event,Lyric,은,FF 05 C0 BA,00:00:59:13,57062
30:09:44,2,1,Note,C7,032 000 374,90 60 20,00:00:59:25,57464
31:05:05,2,1,Note,Db4,055 000 175,90 3D 37,00:01:00:07,57845
31:05:05,2,,Meta Event,Lyric,오,FF 05 BF C0,00:01:00:07,57845
31:08:02,2,1,Note,Ab4,093 000 196,90 44 5D,00:01:00:13,58022
31:08:02,2,,Meta Event,Lyric,짜^,FF 05 C2 A5 5E,00:01:00:13,58022
31:04:18,2,1,Note,A4,095 000 104,90 45 5F,00:01:00:19,58218
31:04:18,2,,Meta Event,Lyric,아,FF 05 BE C6,00:01:00:19,58218
31:06:02,2,1,Note,A4,065 000 96,90 45 41,00:01:00:22,58322
31:06:02,2,,Meta Event,Lyric,리,FF 05 B8 AE,00:01:00:22,58322
31:07:38,2,1,Note,A4,065 000 104,90 45 41,00:01:00:25,58418
31:07:38,2,,Meta Event,Lyric,잇,FF 05 C0 D5,00:01:00:25,58418
31:09:25,2,1,Note,G4,089 000 125,90 43 59,00:01:00:28,58525
31:09:25,2,,Meta Event,Lyric,테,FF 05 C5 D7,00:01:00:28,58525
31:04:30,2,1,Note,Gb4,076 000 331,90 42 4C,00:01:01:02,58650
31:04:30,2,,Meta Event,Lyric,에,FF 05 BF A1,00:01:01:02,58650
31:10:01,2,1,Note,C7,029 000 252,90 60 1D,00:01:01:13,58981
31:07:15,2,1,Note,A4,096 000 146,90 45 60,00:01:01:21,59235
31:07:15,2,,Meta Event,Lyric,오,FF 05 BF C0,00:01:01:21,59235
31:09:44,2,1,Note,A4,088 000 99,90 45 58,00:01:01:25,59384
31:09:44,2,,Meta Event,Lyric,서,FF 05 BC AD,00:01:01:25,59384
31:11:23,2,1,Note,A4,088 000 219,90 45 58,00:01:01:28,59483
31:11:23,2,,Meta Event,Lyric,얼,FF 05 BE F3,00:01:01:28,59483
32:04:02,2,1,Note,A4,105 000 129,90 45 69,00:01:02:05,59702
32:04:02,2,,Meta Event,Lyric,레^,FF 05 B7 B9 5E,00:01:02:05,59702
32:06:11,2,1,Note,B4,085 000 147,90 47 55,00:01:02:09,59831
32:06:11,2,,Meta Event,Lyric,에,FF 05 BF A1,00:01:02:09,59831
32:08:40,2,1,Note,A4,103 000 113,90 45 67,00:01:02:14,59980
32:08:40,2,,Meta Event,Lyric,게,FF 05 B0 D4,00:01:02:14,59980
32:03:33,2,1,Note,A4,103 000 366,90 45 67,00:01:02:17,60093
32:03:33,2,,Meta Event,Lyric,에,FF 05 BF A1,00:01:02:17,60093
33:04:12,2,1,Note,C7,100 064 272,90 60 64,00:01:04:06,61632
33:08:51,2,1,Note,A4,043 000 93,90 45 2B,00:01:04:14,61911
33:08:51,2,,Meta Event,Lyric,기,FF 05 B1 E2,00:01:04:14,61911
33:03:24,2,1,Note,A4,043 000 155,90 45 2B,00:01:04:17,62004
33:03:24,2,,Meta Event,Lyric,이,FF 05 C0 CC,00:01:04:17,62004
33:05:59,2,1,Note,A4,069 000 83,90 45 45,00:01:04:22,62159
33:05:59,2,,Meta Event,Lyric,프,FF 05 C7 C1,00:01:04:22,62159
33:07:22,2,1,Note,A4,069 000 177,90 45 45,00:01:04:25,62242
33:07:22,2,,Meta Event,Lyric,은,FF 05 C0 BA,00:01:04:25,62242
33:03:19,2,1,Note,A4,085 000 90,90 45 55,00:01:05:00,62419
33:03:19,2,,Meta Event,Lyric,바,FF 05 B9 D9,00:01:05:00,62419
33:04:49,2,1,Note,A4,085 000 149,90 45 55,00:01:05:03,62509
33:04:49,2,,Meta Event,Lyric,아,FF 05 BE C6,00:01:05:03,62509
33:07:21,2,1,Note,B4,087 000 88,90 47 57,00:01:05:08,62661
33:07:21,2,,Meta Event,Lyric,마,FF 05 B8 B6,00:01:05:08,62661
33:08:49,2,1,Note,B4,087 000 139,90 47 57,00:01:05:10,62749
33:08:49,2,,Meta Event,Lyric,아,FF 05 BE C6,00:01:05:10,62749
33:04:08,2,1,Note,A4,075 000 83,90 45 4B,00:01:05:15,62888
33:04:08,2,,Meta Event,Lyric,느,FF 05 B4 C0,00:01:05:15,62888
33:05:31,2,1,Note,A4,075 000 142,90 45 4B,00:01:05:17,62971
33:05:31,2,,Meta Event,Lyric,을,FF 05 C0 BB,00:01:05:17,62971
33:07:55,2,1,Note,B4,095 000 125,90 47 5F,00:01:05:22,63115
33:07:55,2,,Meta Event,Lyric,저,FF 05 C0 FA,00:01:05:22,63115
33:10:00,2,1,Note,B4,095 000 120,90 47 5F,00:01:05:26,63240
33:10:00,2,,Meta Event,Lyric,어^,FF 05 BE EE 5E,00:01:05:26,63240
34:01:00,2,1,Note,C5,092 000 284,90 48 5C,00:01:06:00,63360
34:01:00,2,,Meta Event,Lyric,어,FF 05 BE EE,00:01:06:00,63360
34:05:46,2,1,Note,Bb4,115 000 155,90 46 73,00:01:06:08,63646
34:05:46,2,,Meta Event,Lyric,다^,FF 05 B4 D9 5E,00:01:06:08,63646
34:08:21,2,1,Note,B4,101 000 258,90 47 65,00:01:06:13,63801
34:08:21,2,,Meta Event,Lyric,알,FF 05 BE CB,00:01:06:13,63801
34:05:41,2,1,Note,Ab4,078 000 113,90 44 4E,00:01:06:21,64061
34:05:41,2,,Meta Event,Lyric,처,FF 05 C3 B3,00:01:06:21,64061
34:07:34,2,1,Note,Ab4,078 000 161,90 44 4E,00:01:06:25,64174
34:07:34,2,,Meta Event,Lyric,어^,FF 05 BE EE 5E,00:01:06:25,64174
34:03:15,2,1,Note,A4,085 000 245,90 45 55,00:01:07:00,64335
34:03:15,2,,Meta Event,Lyric,어,FF 05 BE EE,00:01:07:00,64335
34:07:20,2,1,Note,G4,079 000 111,90 43 4F,00:01:07:08,64580
34:07:20,2,,Meta Event,Lyric,러,FF 05 B7 AF,00:01:07:08,64580
34:09:11,2,1,Note,G4,079 000 113,90 43 4F,00:01:07:11,64691
34:09:11,2,,Meta Event,Lyric,엄,FF 05 BE F6,00:01:07:11,64691
34:04:04,2,1,Note,C7,036 000 234,90 60 24,00:01:07:15,64804
34:07:58,2,1,Note,G4,070 000 235,90 43 46,00:01:07:22,65038
34:07:58,2,,Meta Event,Lyric,온,FF 05 BF C2,00:01:07:22,65038
34:11:55,2,1,Note,Ab4,086 000 249,90 44 56,00:01:07:29,65275
34:11:55,2,,Meta Event,Lyric,조^,FF 05 C1 B6 5E,00:01:07:29,65275
35:05:04,2,1,Note,A4,079 000 273,90 45 4F,00:01:08:07,65524
35:05:04,2,,Meta Event,Lyric,옹,FF 05 BF CB,00:01:08:07,65524
35:02:40,2,1,Note,F4,078 000 148,90 41 4E,00:01:08:16,65800
35:02:40,2,,Meta Event,Lyric,이^,FF 05 C0 CC 5E,00:01:08:16,65800
35:05:08,2,1,Note,Gb4,063 000 165,90 42 3F,00:01:08:20,65948
35:05:08,2,,Meta Event,Lyric,일,FF 05 C0 CF,00:01:08:20,65948
35:07:53,2,1,Note,C7,032 000 193,90 60 20,00:01:08:26,66113
35:04:06,2,1,Note,Gb4,095 000 113,90 42 5F,00:01:09:02,66306
35:04:06,2,,Meta Event,Lyric,떠,FF 05 B6 B0,00:01:09:02,66306
35:05:59,2,1,Note,Gb4,095 000 108,90 42 5F,00:01:09:05,66419
35:05:59,2,,Meta Event,Lyric,어,FF 05 BE EE,00:01:09:05,66419
35:07:47,2,1,Note,G4,064 000 119,90 43 40,00:01:09:08,66527
35:07:47,2,,Meta Event,Lyric,이,FF 05 C0 CC,00:01:09:08,66527
35:09:46,2,1,Note,G4,064 000 111,90 43 40,00:01:09:12,66646
35:09:46,2,,Meta Event,Lyric,있,FF 05 C0 D6,00:01:09:12,66646
35:04:37,2,1,Note,A4,066 000 103,90 45 42,00:01:09:16,66757
35:04:37,2,,Meta Event,Lyric,느,FF 05 B4 C0,00:01:09:16,66757
35:06:20,2,1,Note,A4,066 000 116,90 45 42,00:01:09:19,66860
35:06:20,2,,Meta Event,Lyric,은,FF 05 C0 BA,00:01:09:19,66860
35:08:18,2,1,Note,F4,095 000 190,90 41 5F,00:01:09:23,66978
35:08:18,2,,Meta Event,Lyric,거^,FF 05 B0 C5 5E,00:01:09:23,66978
35:11:28,2,1,Note,Gb4,071 000 236,90 42 47,00:01:09:29,67168
35:11:28,2,,Meta Event,Lyric,어,FF 05 BE EE,00:01:09:29,67168
36:04:26,2,1,Note,G4,081 000 140,90 43 51,00:01:10:06,67406
36:04:26,2,,Meta Event,Lyric,가,FF 05 B0 A1,00:01:10:06,67406
36:06:46,2,1,Note,G4,081 000 84,90 43 51,00:01:10:10,67546
36:06:46,2,,Meta Event,Lyric,아,FF 05 BE C6,00:01:10:10,67546
36:08:09,2,1,Note,G4,081 000 202,90 43 51,00:01:10:13,67629
36:08:09,2,,Meta Event,Lyric,타,FF 05 C5 B8,00:01:10:13,67629
36:04:32,2,1,Note,G4,065 000 504,90 43 41,00:01:10:19,67832
36:04:32,2,,Meta Event,Lyric,아,FF 05 BE C6,00:01:10:19,67832
36:05:56,2,1,Note,C7,030 000 273,90 60 1E,00:01:11:05,68336
36:10:29,2,1,Note,G4,086 000 172,90 43 56,00:01:11:14,68609
36:10:29,2,,Meta Event,Lyric,내,FF 05 B3 BB,00:01:11:14,68609
36:06:21,2,1,Note,A4,074 000 348,90 45 4A,00:01:11:19,68781
36:06:21,2,,Meta Event,Lyric,일,FF 05 C0 CF,00:01:11:19,68781
37:01:12,2,1,Note,Ab4,087 000 106,90 44 57,00:01:12:00,69132
37:01:12,2,,Meta Event,Lyric,내^,FF 05 B3 BB 5E,00:01:12:00,69132
37:02:58,2,1,Note,A4,081 000 153,90 45 51,00:01:12:03,69238
37:02:58,2,,Meta Event,Lyric,에,FF 05 BF A1,00:01:12:03,69238
37:05:31,2,1,Note,G4,068 000 223,90 43 44,00:01:12:08,69391
37:05:31,2,,Meta Event,Lyric,이,FF 05 C0 CC,00:01:12:08,69391
37:02:16,2,1,Note,Gb4,059 000 113,90 42 3B,00:01:12:15,69616
37:02:16,2,,Meta Event,Lyric,리,FF 05 B8 AE,00:01:12:15,69616
37:04:09,2,1,Note,Gb4,059 000 217,90 42 3B,00:01:12:19,69729
37:04:09,2,,Meta Event,Lyric,이,FF 05 C0 CC,00:01:12:19,69729
37:07:46,2,1,Note,C7,030 000 372,90 60 1E,00:01:12:25,69946
37:07:01,2,1,Note,A4,073 000 105,90 45 49,00:01:13:07,70321
37:07:01,2,,Meta Event,Lyric,기,FF 05 B1 E2,00:01:13:07,70321
37:08:46,2,1,Note,A4,073 000 139,90 45 49,00:01:13:10,70426
37:08:46,2,,Meta Event,Lyric,이,FF 05 C0 CC,00:01:13:10,70426
37:04:05,2,1,Note,A4,103 000 81,90 45 67,00:01:13:15,70565
37:04:05,2,,Meta Event,Lyric,다,FF 05 B4 D9,00:01:13:15,70565
37:05:26,2,1,Note,A4,103 000 119,90 45 67,00:01:13:17,70646
37:05:26,2,,Meta Event,Lyric,아,FF 05 BE C6,00:01:13:17,70646
37:07:25,2,1,Note,A4,087 000 82,90 45 57,00:01:13:21,70765
37:07:25,2,,Meta Event,Lyric,려,FF 05 B7 C1,00:01:13:21,70765
37:08:47,2,1,Note,A4,087 000 136,90 45 57,00:01:13:23,70847
37:08:47,2,,Meta Event,Lyric,어,FF 05 BE EE,00:01:13:23,70847
37:11:03,2,1,Note,A4,077 000 69,90 45 4D,00:01:13:28,70983
37:11:03,2,,Meta Event,Lyric,지,FF 05 C1 F6,00:01:13:28,70983
38:01:12,2,1,Note,A4,077 000 332,90 45 4D,00:01:14:00,71052
38:01:12,2,,Meta Event,Lyric,이,FF 05 C0 CC,00:01:14:00,71052
38:06:46,2,1,Note,Bb4,089 000 133,90 46 59,00:01:14:10,71386
38:06:46,2,,Meta Event,Lyric,느^,FF 05 B4 C0 5E,00:01:14:10,71386
38:08:59,2,1,Note,B4,063 000 229,90 47 3F,00:01:14:14,71519
38:08:59,2,,Meta Event,Lyric,은,FF 05 C0 BA,00:01:14:14,71519
38:05:50,2,1,Note,Gb4,078 000 110,90 42 4E,00:01:14:22,71750
38:05:50,2,,Meta Event,Lyric,나,FF 05 B3 AA,00:01:14:22,71750
38:07:40,2,1,Note,Gb4,078 000 364,90 42 4E,00:01:14:25,71860
38:07:40,2,,Meta Event,Lyric,아,FF 05 BE C6,00:01:14:25,71860
38:06:49,2,1,Note,Ab4,074 000 179,90 44 4A,00:01:15:07,72229
38:06:49,2,,Meta Event,Lyric,르^,FF 05 B8 A3 5E,00:01:15:07,72229
38:09:48,2,1,Note,A4,067 000 402,90 45 43,00:01:15:12,72408
38:09:48,2,,Meta Event,Lyric,은,FF 05 C0 BA,00:01:15:12,72408
38:09:30,2,1,Note,C7,027 000 371,90 60 1B,00:01:15:25,72810
39:04:49,2,1,Note,G4,091 000 133,90 43 5B,00:01:16:07,73189
39:04:49,2,,Meta Event,Lyric,오^,FF 05 BF C0 5E,00:01:16:07,73189
39:07:02,2,1,Note,A4,092 000 92,90 45 5C,00:01:16:11,73322
39:07:02,2,,Meta Event,Lyric,오,FF 05 BF C0,00:01:16:11,73322
39:08:34,2,1,Note,A4,068 000 82,90 45 44,00:01:16:14,73414
39:08:34,2,,Meta Event,Lyric,구,FF 05 B1 B8,00:01:16:14,73414
39:02:56,2,1,Note,A4,068 000 143,90 45 44,00:01:16:16,73496
39:02:56,2,,Meta Event,Lyric,웅,FF 05 BF F5,00:01:16:16,73496
39:05:19,2,1,Note,A4,094 000 93,90 45 5E,00:01:16:21,73639
39:05:19,2,,Meta Event,Lyric,그,FF 05 B1 D7,00:01:16:21,73639
39:06:52,2,1,Note,A4,094 000 166,90 45 5E,00:01:16:24,73732
39:06:52,2,,Meta Event,Lyric,으,FF 05 C0 B8,00:01:16:24,73732
39:09:57,2,1,Note,Gb4,082 000 104,90 42 52,00:01:16:29,73917
39:09:57,2,,Meta Event,Lyric,메,FF 05 B8 DE,00:01:16:29,73917
39:04:41,2,1,Note,Gb4,082 000 306,90 42 52,00:01:17:03,74021
39:04:41,2,,Meta Event,Lyric,에,FF 05 BF A1,00:01:17:03,74021
39:09:47,2,1,Note,C7,029 000 299,90 60 1D,00:01:17:12,74327
39:07:48,2,1,Note,Ab4,108 000 135,90 44 6C,00:01:17:22,74628
39:07:48,2,,Meta Event,Lyric,더^,FF 05 B4 F5 5E,00:01:17:22,74628
39:10:03,2,1,Note,A4,099 000 104,90 45 63,00:01:17:26,74763
39:10:03,2,,Meta Event,Lyric,어,FF 05 BE EE,00:01:17:26,74763
39:11:47,2,1,Note,A4,095 000 110,90 45 5F,00:01:17:29,74867
39:11:47,2,,Meta Event,Lyric,두,FF 05 B5 CE,00:01:17:29,74867
40:02:37,2,1,Note,A4,095 000 119,90 45 5F,00:01:18:03,74977
40:02:37,2,,Meta Event,Lyric,우,FF 05 BF EC,00:01:18:03,74977
40:04:36,2,1,Note,A4,083 000 133,90 45 53,00:01:18:06,75096
40:04:36,2,,Meta Event,Lyric,그,FF 05 B1 D7,00:01:18:06,75096
40:06:49,2,1,Note,B4,066 000 118,90 47 42,00:01:18:10,75229
40:06:49,2,,Meta Event,Lyric,은,FF 05 C0 BA,00:01:18:10,75229
40:08:54,2,1,Note,A4,103 000 111,90 45 67,00:01:18:14,75354
40:08:54,2,,Meta Event,Lyric,대,FF 05 B4 EB,00:01:18:14,75354
40:03:45,2,1,Note,A4,103 000 293,90 45 67,00:01:18:18,75465
40:03:45,2,,Meta Event,Lyric,에,FF 05 BF A1,00:01:18:18,75465
41:03:35,2,1,Note,C7,100 064 295,90 60 64,00:01:20:04,76955
41:08:38,2,1,Note,Ab4,086 000 175,90 44 56,00:01:20:14,77258
41:08:38,2,,Meta Event,Lyric,오^,FF 05 BF C0 5E,00:01:20:14,77258
41:04:33,2,1,Note,A4,094 000 323,90 45 5E,00:01:20:19,77433
41:04:33,2,,Meta Event,Lyric,오,FF 05 BF C0,00:01:20:19,77433
41:09:56,2,1,Note,Gb4,091 000 294,90 42 5B,00:01:20:29,77756
41:09:56,2,,Meta Event,Lyric,오,FF 05 BF C0,00:01:20:29,77756
41:07:50,2,1,Note,G4,098 000 214,90 43 62,00:01:21:09,78050
41:07:50,2,,Meta Event,Lyric,오,FF 05 BF C0,00:01:21:09,78050
41:04:24,2,1,Note,A4,100 000 241,90 45 64,00:01:21:15,78264
41:04:24,2,,Meta Event,Lyric,오,FF 05 BF C0,00:01:21:15,78264
41:08:27,2,1,Note,B4,112 000 193,90 47 70,00:01:21:23,78507
41:08:27,2,,Meta Event,Lyric,워^,FF 05 BF F6 5E,00:01:21:23,78507
41:11:40,2,1,Note,C5,115 000 248,90 48 73,00:01:21:29,78700
41:11:40,2,,Meta Event,Lyric,어,FF 05 BE EE,00:01:21:29,78700
42:04:48,2,1,Note,Bb4,116 000 181,90 46 74,00:01:22:07,78948
42:04:48,2,,Meta Event,Lyric,어,FF 05 BE EE,00:01:22:07,78948
42:07:49,2,1,Note,B4,108 000 388,90 47 6C,00:01:22:12,79129
42:07:49,2,,Meta Event,Lyric,어,FF 05 BE EE,00:01:22:12,79129
42:07:17,2,1,Note,A4,100 000 423,90 45 64,00:01:22:24,79517
42:07:17,2,,Meta Event,Lyric,어,FF 05 BE EE,00:01:22:24,79517
42:07:20,2,1,Note,G4,088 000 248,90 43 58,00:01:23:08,79940
42:07:20,2,,Meta Event,Lyric,어,FF 05 BE EE,00:01:23:08,79940
42:04:28,2,1,Note,C7,033 000 204,90 60 21,00:01:23:15,80188
42:07:52,2,1,Note,G4,092 000 223,90 43 5C,00:01:23:22,80392
42:07:52,2,,Meta Event,Lyric,오,FF 05 BF C0,00:01:23:22,80392
42:11:35,2,1,Note,G4,092 000 160,90 43 5C,00:01:23:29,80615
42:11:35,2,,Meta Event,Lyric,워^,FF 05 BF F6 5E,00:01:23:29,80615
43:03:15,2,1,Note,A4,095 000 387,90 45 5F,00:01:24:04,80775
43:03:15,2,,Meta Event,Lyric,어,FF 05 BE EE,00:01:24:04,80775
43:02:42,2,1,Note,F4,092 000 135,90 41 5C,00:01:24:16,81162
43:02:42,2,,Meta Event,Lyric,어^,FF 05 BE EE 5E,00:01:24:16,81162
43:04:57,2,1,Note,Gb4,081 000 334,90 42 51,00:01:24:20,81297
43:04:57,2,,Meta Event,Lyric,어,FF 05 BE EE,00:01:24:20,81297
43:03:31,2,1,Note,Gb4,094 000 254,90 42 5E,00:01:25:00,81631
43:03:31,2,,Meta Event,Lyric,워,FF 05 BF F6,00:01:25:00,81631
43:07:45,2,1,Note,G4,097 000 181,90 43 61,00:01:25:08,81885
43:07:45,2,,Meta Event,Lyric,어,FF 05 BE EE,00:01:25:08,81885
43:10:46,2,1,Note,A4,100 000 263,90 45 64,00:01:25:14,82066
43:10:46,2,,Meta Event,Lyric,어,FF 05 BE EE,00:01:25:14,82066
43:08:16,2,1,Note,E4,099 000 221,90 40 63,00:01:25:22,82336
43:08:16,2,,Meta Event,Lyric,어^,FF 05 BE EE 5E,00:01:25:22,82336
43:11:57,2,1,Note,Gb4,087 000 304,90 42 57,00:01:25:29,82557
43:11:57,2,,Meta Event,Lyric,어,FF 05 BE EE,00:01:25:29,82557
44:06:01,2,1,Note,G4,093 000 649,90 43 5D,00:01:26:09,82861
44:06:01,2,,Meta Event,Lyric,어,FF 05 BE EE,00:01:26:09,82861
45:04:05,2,1,Note,C7,100 064 300,90 60 64,00:01:28:05,84665
45:02:10,2,1,Note,Ab4,084 000 172,90 44 54,00:01:28:15,84970
45:02:10,2,,Meta Event,Lyric,오^,FF 05 BF C0 5E,00:01:28:15,84970
45:05:02,2,1,Note,A4,091 000 304,90 45 5B,00:01:28:20,85142
45:05:02,2,,Meta Event,Lyric,오,FF 05 BF C0,00:01:28:20,85142
45:03:06,2,1,Note,Gb4,074 000 275,90 42 4A,00:01:29:00,85446
45:03:06,2,,Meta Event,Lyric,워,FF 05 BF F6,00:01:29:00,85446
45:07:41,2,1,Note,G4,081 000 199,90 43 51,00:01:29:08,85721
45:07:41,2,,Meta Event,Lyric,어,FF 05 BE EE,00:01:29:08,85721
45:04:00,2,1,Note,A4,076 000 244,90 45 4C,00:01:29:15,85920
45:04:00,2,,Meta Event,Lyric,어,FF 05 BE EE,00:01:29:15,85920
45:08:07,2,1,Note,B4,108 000 174,90 47 6C,00:01:29:22,86167
45:08:07,2,,Meta Event,Lyric,워^,FF 05 BF F6 5E,00:01:29:22,86167
45:11:01,2,1,Note,C5,109 000 316,90 48 6D,00:01:29:28,86341
45:11:01,2,,Meta Event,Lyric,어,FF 05 BE EE,00:01:29:28,86341
46:05:19,2,1,Note,Bb4,110 000 172,90 46 6E,00:01:30:08,86659
46:05:19,2,,Meta Event,Lyric,어,FF 05 BE EE,00:01:30:08,86659
46:08:11,2,1,Note,B4,107 000 310,90 47 6B,00:01:30:13,86831
46:08:11,2,,Meta Event,Lyric,어,FF 05 BE EE,00:01:30:13,86831
46:06:21,2,1,Note,Ab4,099 000 187,90 44 63,00:01:30:23,87141
46:06:21,2,,Meta Event,Lyric,어,FF 05 BE EE,00:01:30:23,87141
46:09:28,2,1,Note,A4,096 000 347,90 45 60,00:01:30:29,87328
46:09:28,2,,Meta Event,Lyric,어,FF 05 BE EE,00:01:30:29,87328
46:08:15,2,1,Note,G4,080 000 254,90 43 50,00:01:31:09,87675
46:08:15,2,,Meta Event,Lyric,어,FF 05 BE EE,00:01:31:09,87675
46:05:29,2,1,Note,C7,029 000 364,90 60 1D,00:01:31:17,87929
46:11:33,2,1,Note,G4,096 000 175,90 43 60,00:01:31:29,88293
46:11:33,2,,Meta Event,Lyric,워^,FF 05 BF F6 5E,00:01:31:29,88293
47:03:28,2,1,Note,A4,103 000 191,90 45 67,00:01:32:04,88468
47:03:28,2,,Meta Event,Lyric,어,FF 05 BE EE,00:01:32:04,88468
47:06:39,2,1,Note,Gb4,081 000 378,90 42 51,00:01:32:10,88659
47:06:39,2,,Meta Event,Lyric,어,FF 05 BE EE,00:01:32:10,88659
47:06:00,2,1,Note,Ab4,125 000 140,90 44 7D,00:01:32:22,89040
47:06:00,2,,Meta Event,Lyric,워^,FF 05 BF F6 5E,00:01:32:22,89040
47:08:20,2,1,Note,A4,114 000 242,90 45 72,00:01:32:26,89180
47:08:20,2,,Meta Event,Lyric,어,FF 05 BE EE,00:01:32:26,89180
47:05:22,2,1,Note,Gb4,079 000 366,90 42 4F,00:01:33:04,89422
47:05:22,2,,Meta Event,Lyric,어,FF 05 BE EE,00:01:33:04,89422
47:04:36,2,1,Note,G4,095 000 900,90 43 5F,00:01:33:16,89796
47:04:36,2,,Meta Event,Lyric,어,FF 05 BE EE,00:01:33:16,89796
49:03:00,2,1,Note,C7,100 064 324,90 60 64,00:01:36:03,92280
49:08:38,2,1,Note,Ab4,086 000 174,90 44 56,00:01:36:14,92618
49:08:38,2,,Meta Event,Lyric,오^,FF 05 BF C0 5E,00:01:36:14,92618
49:04:32,2,1,Note,A4,094 000 347,90 45 5E,00:01:36:19,92792
49:04:32,2,,Meta Event,Lyric,오,FF 05 BF C0,00:01:36:19,92792
49:03:19,2,1,Note,Gb4,091 000 266,90 42 5B,00:01:37:00,93139
49:03:19,2,,Meta Event,Lyric,오,FF 05 BF C0,00:01:37:00,93139
49:07:45,2,1,Note,G4,098 000 218,90 43 62,00:01:37:08,93405
49:07:45,2,,Meta Event,Lyric,오,FF 05 BF C0,00:01:37:08,93405
49:04:23,2,1,Note,A4,100 000 242,90 45 64,00:01:37:15,93623
49:04:23,2,,Meta Event,Lyric,오,FF 05 BF C0,00:01:37:15,93623
49:08:27,2,1,Note,B4,112 000 194,90 47 70,00:01:37:23,93867
49:08:27,2,,Meta Event,Lyric,워^,FF 05 BF F6 5E,00:01:37:23,93867
49:11:41,2,1,Note,C5,116 000 239,90 48 74,00:01:37:29,94061
49:11:41,2,,Meta Event,Lyric,어,FF 05 BE EE,00:01:37:29,94061
50:04:40,2,1,Note,Bb4,116 000 187,90 46 74,00:01:38:06,94300
50:04:40,2,,Meta Event,Lyric,어,FF 05 BE EE,00:01:38:06,94300
50:07:47,2,1,Note,B4,108 000 389,90 47 6C,00:01:38:12,94487
50:07:47,2,,Meta Event,Lyric,어,FF 05 BE EE,00:01:38:12,94487
50:07:15,2,1,Note,A4,100 000 446,90 45 64,00:01:38:24,94875
50:07:15,2,,Meta Event,Lyric,어,FF 05 BE EE,00:01:38:24,94875
50:07:41,2,1,Note,G4,087 000 227,90 43 57,00:01:39:08,95321
50:07:41,2,,Meta Event,Lyric,어,FF 05 BE EE,00:01:39:08,95321
50:04:28,2,1,Note,C7,033 000 204,90 60 21,00:01:39:15,95548
50:07:52,2,1,Note,G4,086 000 238,90 43 56,00:01:39:22,95752
50:07:52,2,,Meta Event,Lyric,오,FF 05 BF C0,00:01:39:22,95752
50:11:50,2,1,Note,G4,098 000 153,90 43 62,00:01:39:29,95990
50:11:50,2,,Meta Event,Lyric,오^,FF 05 BF C0 5E,00:01:39:29,95990
51:03:23,2,1,Note,A4,095 000 362,90 45 5F,00:01:40:04,96143
51:03:23,2,,Meta Event,Lyric,오,FF 05 BF C0,00:01:40:04,96143
51:02:25,2,1,Note,F4,092 000 150,90 41 5C,00:01:40:15,96505
51:02:25,2,,Meta Event,Lyric,오^,FF 05 BF C0 5E,00:01:40:15,96505
51:04:55,2,1,Note,Gb4,081 000 340,90 42 51,00:01:40:20,96655
51:04:55,2,,Meta Event,Lyric,오,FF 05 BF C0,00:01:40:20,96655
51:03:35,2,1,Note,Gb4,094 000 246,90 42 5E,00:01:41:01,96995
51:03:35,2,,Meta Event,Lyric,워^,FF 05 BF F6 5E,00:01:41:01,96995
51:07:41,2,1,Note,G4,097 000 190,90 43 61,00:01:41:08,97241
51:07:41,2,,Meta Event,Lyric,오,FF 05 BF C0,00:01:41:08,97241
51:10:51,2,1,Note,A4,100 000 267,90 45 64,00:01:41:14,97431
51:10:51,2,,Meta Event,Lyric,오,FF 05 BF C0,00:01:41:14,97431
51:08:18,2,1,Note,E4,099 000 223,90 40 63,00:01:41:23,97698
51:08:18,2,,Meta Event,Lyric,워^,FF 05 BF F6 5E,00:01:41:23,97698
52:01:01,2,1,Note,Gb4,086 000 293,90 42 56,00:01:42:00,97921
52:01:01,2,,Meta Event,Lyric,어,FF 05 BE EE,00:01:42:00,97921
52:05:54,2,1,Note,G4,093 000 667,90 43 5D,00:01:42:09,98214
52:05:54,2,,Meta Event,Lyric,어,FF 05 BE EE,00:01:42:09,98214
53:02:55,2,1,Note,C7,100 064 371,90 60 64,00:01:44:03,99955
53:02:13,2,1,Note,Ab4,085 000 170,90 44 55,00:01:44:15,100333
53:02:13,2,,Meta Event,Lyric,오^,FF 05 BF C0 5E,00:01:44:15,100333
53:05:03,2,1,Note,A4,091 000 302,90 45 5B,00:01:44:20,100503
53:05:03,2,,Meta Event,Lyric,오,FF 05 BF C0,00:01:44:20,100503
53:03:05,2,1,Note,Gb4,074 000 284,90 42 4A,00:01:45:00,100805
53:03:05,2,,Meta Event,Lyric,오,FF 05 BF C0,00:01:45:00,100805
53:07:49,2,1,Note,G4,081 000 196,90 43 51,00:01:45:09,101089
53:07:49,2,,Meta Event,Lyric,오,FF 05 BF C0,00:01:45:09,101089
53:04:05,2,1,Note,A4,076 000 239,90 45 4C,00:01:45:15,101285
53:04:05,2,,Meta Event,Lyric,오,FF 05 BF C0,00:01:45:15,101285
53:08:07,2,1,Note,B4,108 000 178,90 47 6C,00:01:45:22,101527
53:08:07,2,,Meta Event,Lyric,워^,FF 05 BF F6 5E,00:01:45:22,101527
53:11:05,2,1,Note,C5,109 000 310,90 48 6D,00:01:45:28,101705
53:11:05,2,,Meta Event,Lyric,어,FF 05 BE EE,00:01:45:28,101705
54:05:17,2,1,Note,Bb4,110 000 179,90 46 6E,00:01:46:08,102017
54:05:17,2,,Meta Event,Lyric,워^,FF 05 BF F6 5E,00:01:46:08,102017
54:08:16,2,1,Note,B4,106 000 370,90 47 6A,00:01:46:13,102196
54:08:16,2,,Meta Event,Lyric,어,FF 05 BE EE,00:01:46:13,102196
54:07:26,2,1,Note,Ab4,098 000 126,90 44 62,00:01:46:25,102566
54:07:26,2,,Meta Event,Lyric,어,FF 05 BE EE,00:01:46:25,102566
54:09:32,2,1,Note,A4,096 000 320,90 45 60,00:01:46:29,102692
54:09:32,2,,Meta Event,Lyric,오,FF 05 BF C0,00:01:46:29,102692
54:07:52,2,1,Note,G4,081 000 284,90 43 51,00:01:47:09,103012
54:07:52,2,,Meta Event,Lyric,오,FF 05 BF C0,00:01:47:09,103012
54:05:36,2,1,Note,C7,029 000 377,90 60 1D,00:01:47:18,103296
54:11:55,2,1,Note,Ab4,099 000 142,90 44 63,00:01:47:29,103675
54:11:55,2,,Meta Event,Lyric,워^,FF 05 BF F6 5E,00:01:47:29,103675
55:03:17,2,1,Note,A4,101 000 212,90 45 65,00:01:48:04,103817
55:03:17,2,,Meta Event,Lyric,어,FF 05 BE EE,00:01:48:04,103817
55:06:49,2,1,Note,Gb4,076 000 367,90 42 4C,00:01:48:10,104029
55:06:49,2,,Meta Event,Lyric,어,FF 05 BE EE,00:01:48:10,104029
55:05:59,2,1,Note,Ab4,109 000 161,90 44 6D,00:01:48:22,104399
55:05:59,2,,Meta Event,Lyric,워^,FF 05 BF F6 5E,00:01:48:22,104399
55:08:40,2,1,Note,A4,107 000 251,90 45 6B,00:01:48:27,104560
55:08:40,2,,Meta Event,Lyric,어,FF 05 BE EE,00:01:48:27,104560
55:05:51,2,1,Note,Gb4,067 000 325,90 42 43,00:01:49:05,104811
55:05:51,2,,Meta Event,Lyric,어,FF 05 BE EE,00:01:49:05,104811
55:04:19,2,1,Note,G4,094 000 708,90 43 5E,00:01:49:15,105139
55:04:19,2,,Meta Event,Lyric,어,FF 05 BE EE,00:01:49:15,105139
56:05:07,2,1,Note,C7,032 000 221,90 60 20,00:01:50:07,105847
56:08:51,2,1,Note,D4,064 000 118,90 3E 40,00:01:50:14,106071
56:08:51,2,,Meta Event,Lyric,너,FF 05 B3 CA,00:01:50:14,106071
56:03:49,2,1,Note,D4,064 000 146,90 3E 40,00:01:50:18,106189
56:03:49,2,,Meta Event,Lyric,어,FF 05 BE EE,00:01:50:18,106189
56:06:15,2,1,Note,F4,066 000 85,90 41 42,00:01:50:22,106335
56:06:15,2,,Meta Event,Lyric,무,FF 05 B9 AB,00:01:50:22,106335
56:07:40,2,1,Note,F4,066 000 98,90 41 42,00:01:50:25,106420
56:07:40,2,,Meta Event,Lyric,우,FF 05 BF EC,00:01:50:25,106420
56:09:18,2,1,Note,F4,053 000 160,90 41 35,00:01:50:28,106518
56:09:18,2,,Meta Event,Lyric,구^,FF 05 B1 B8 5E,00:01:50:28,106518
56:04:58,2,1,Note,Gb4,049 000 138,90 42 31,00:01:51:03,106678
56:04:58,2,,Meta Event,Lyric,웅,FF 05 BF F5,00:01:51:03,106678
56:07:18,2,1,Note,E4,066 000 94,90 40 42,00:01:51:08,106818
56:07:18,2,,Meta Event,Lyric,그,FF 05 B1 D7,00:01:51:08,106818
56:08:52,2,1,Note,E4,066 000 168,90 40 42,00:01:51:11,106912
56:08:52,2,,Meta Event,Lyric,으,FF 05 C0 B8,00:01:51:11,106912
56:04:40,2,1,Note,D4,069 000 123,90 3E 45,00:01:51:16,107080
56:04:40,2,,Meta Event,Lyric,메,FF 05 B8 DE,00:01:51:16,107080
56:06:43,2,1,Note,D4,069 000 233,90 3E 45,00:01:51:20,107203
56:06:43,2,,Meta Event,Lyric,에,FF 05 BF A1,00:01:51:20,107203
